INSERT INTO profiles_statuses(name) VALUES 
  ('private account'),
  ('blogger account'),
  ('community page'),
  ('online shopping'),
  ('business account'),
  ('brand account'),
  ('bot');
 
INSERT INTO friendship_statuses(name) VALUES
  ('Requested'),
  ('Confirmed'),
  ('Rejected');
 
INSERT INTO media_types(name) VALUES
  ('photo'),
  ('video'),
  ('stories'),
  ('IGTV'),
  ('live broadcast'),
  ('permanent stories');
 
INSERT INTO target_types(name) VALUES
  ('messages'),
  ('post'),
  ('stories'),
  ('permanent stories');
 

INSERT INTO `friendship` (`user_id`, `friend_id`, `status_id`, `created_at`, `updated_at`) VALUES (1, 1, 1, '1992-07-25 12:57:08', '2005-06-08 16:43:37');
INSERT INTO `friendship` (`user_id`, `friend_id`, `status_id`, `created_at`, `updated_at`) VALUES (2, 44, 1, '2008-09-10 07:34:35', '1974-10-18 10:48:30');
INSERT INTO `friendship` (`user_id`, `friend_id`, `status_id`, `created_at`, `updated_at`) VALUES (3, 56, 1, '1981-11-23 20:14:01', '1985-02-20 21:02:59');
INSERT INTO `friendship` (`user_id`, `friend_id`, `status_id`, `created_at`, `updated_at`) VALUES (4, 6, 1, '1986-07-25 19:29:53', '1970-03-26 12:07:44');
INSERT INTO `friendship` (`user_id`, `friend_id`, `status_id`, `created_at`, `updated_at`) VALUES (5, 45, 3, '2019-07-29 12:37:49', '2011-11-04 10:55:40');
INSERT INTO `friendship` (`user_id`, `friend_id`, `status_id`, `created_at`, `updated_at`) VALUES (6, 38, 2, '1992-02-26 22:31:43', '1989-12-25 10:57:46');
INSERT INTO `friendship` (`user_id`, `friend_id`, `status_id`, `created_at`, `updated_at`) VALUES (7, 69, 1, '2003-12-20 03:20:53', '1986-02-20 05:24:09');
INSERT INTO `friendship` (`user_id`, `friend_id`, `status_id`, `created_at`, `updated_at`) VALUES (8, 36, 1, '1974-02-03 12:56:19', '2019-04-29 03:47:51');
INSERT INTO `friendship` (`user_id`, `friend_id`, `status_id`, `created_at`, `updated_at`) VALUES (9, 67, 1, '2012-12-17 11:15:24', '1997-12-27 01:14:33');
INSERT INTO `friendship` (`user_id`, `friend_id`, `status_id`, `created_at`, `updated_at`) VALUES (10, 65, 2, '2014-08-22 20:34:27', '1998-08-23 02:55:12');
INSERT INTO `friendship` (`user_id`, `friend_id`, `status_id`, `created_at`, `updated_at`) VALUES (11, 85, 2, '1982-12-18 12:10:44', '2020-06-17 14:31:04');
INSERT INTO `friendship` (`user_id`, `friend_id`, `status_id`, `created_at`, `updated_at`) VALUES (12, 37, 2, '2019-01-14 02:18:46', '1981-10-28 06:59:15');
INSERT INTO `friendship` (`user_id`, `friend_id`, `status_id`, `created_at`, `updated_at`) VALUES (13, 58, 3, '2007-12-02 13:44:33', '1985-07-09 00:38:15');
INSERT INTO `friendship` (`user_id`, `friend_id`, `status_id`, `created_at`, `updated_at`) VALUES (14, 58, 3, '1986-11-18 15:02:51', '1975-08-08 01:52:31');
INSERT INTO `friendship` (`user_id`, `friend_id`, `status_id`, `created_at`, `updated_at`) VALUES (15, 17, 1, '2019-06-25 02:23:36', '1971-03-29 00:07:21');
INSERT INTO `friendship` (`user_id`, `friend_id`, `status_id`, `created_at`, `updated_at`) VALUES (16, 18, 1, '1971-09-30 05:05:38', '2014-07-19 12:43:29');
INSERT INTO `friendship` (`user_id`, `friend_id`, `status_id`, `created_at`, `updated_at`) VALUES (17, 41, 1, '1970-12-03 16:11:45', '2004-04-18 02:20:29');
INSERT INTO `friendship` (`user_id`, `friend_id`, `status_id`, `created_at`, `updated_at`) VALUES (18, 35, 1, '2011-04-16 03:36:26', '1970-11-17 01:58:19');
INSERT INTO `friendship` (`user_id`, `friend_id`, `status_id`, `created_at`, `updated_at`) VALUES (19, 61, 3, '1986-04-06 19:57:02', '1990-07-18 04:00:58');
INSERT INTO `friendship` (`user_id`, `friend_id`, `status_id`, `created_at`, `updated_at`) VALUES (20, 62, 3, '2009-09-11 17:25:31', '2016-10-12 14:44:57');
INSERT INTO `friendship` (`user_id`, `friend_id`, `status_id`, `created_at`, `updated_at`) VALUES (21, 84, 2, '1975-02-03 02:54:30', '2003-11-23 15:54:10');
INSERT INTO `friendship` (`user_id`, `friend_id`, `status_id`, `created_at`, `updated_at`) VALUES (22, 4, 3, '2018-01-29 23:46:11', '1976-11-16 16:14:33');
INSERT INTO `friendship` (`user_id`, `friend_id`, `status_id`, `created_at`, `updated_at`) VALUES (23, 79, 1, '1995-01-02 03:00:14', '2018-04-04 20:50:19');
INSERT INTO `friendship` (`user_id`, `friend_id`, `status_id`, `created_at`, `updated_at`) VALUES (24, 35, 2, '1982-08-02 13:41:50', '1997-08-30 15:18:37');
INSERT INTO `friendship` (`user_id`, `friend_id`, `status_id`, `created_at`, `updated_at`) VALUES (25, 71, 3, '1971-07-09 08:08:32', '2002-07-07 23:05:27');
INSERT INTO `friendship` (`user_id`, `friend_id`, `status_id`, `created_at`, `updated_at`) VALUES (26, 83, 2, '1983-08-13 14:41:17', '1973-02-15 11:07:42');
INSERT INTO `friendship` (`user_id`, `friend_id`, `status_id`, `created_at`, `updated_at`) VALUES (27, 18, 1, '2015-08-16 07:59:10', '1985-05-12 07:11:11');
INSERT INTO `friendship` (`user_id`, `friend_id`, `status_id`, `created_at`, `updated_at`) VALUES (28, 72, 3, '2007-08-12 11:54:14', '1999-09-20 18:37:11');
INSERT INTO `friendship` (`user_id`, `friend_id`, `status_id`, `created_at`, `updated_at`) VALUES (29, 76, 1, '1980-12-28 04:21:51', '2012-03-24 11:44:41');
INSERT INTO `friendship` (`user_id`, `friend_id`, `status_id`, `created_at`, `updated_at`) VALUES (30, 46, 1, '2013-05-31 07:40:21', '2010-04-26 13:17:00');
INSERT INTO `friendship` (`user_id`, `friend_id`, `status_id`, `created_at`, `updated_at`) VALUES (31, 77, 3, '2002-10-24 04:49:55', '2002-01-11 02:12:24');
INSERT INTO `friendship` (`user_id`, `friend_id`, `status_id`, `created_at`, `updated_at`) VALUES (32, 28, 3, '2016-07-21 14:21:49', '2020-01-28 06:04:58');
INSERT INTO `friendship` (`user_id`, `friend_id`, `status_id`, `created_at`, `updated_at`) VALUES (33, 67, 2, '2001-06-28 18:34:05', '2004-10-01 18:34:43');
INSERT INTO `friendship` (`user_id`, `friend_id`, `status_id`, `created_at`, `updated_at`) VALUES (34, 38, 3, '2009-12-31 01:06:42', '2001-03-31 07:28:13');
INSERT INTO `friendship` (`user_id`, `friend_id`, `status_id`, `created_at`, `updated_at`) VALUES (35, 86, 1, '1981-06-22 22:37:08', '1992-11-01 17:32:52');
INSERT INTO `friendship` (`user_id`, `friend_id`, `status_id`, `created_at`, `updated_at`) VALUES (36, 97, 1, '2015-08-23 14:52:18', '1991-01-11 00:07:34');
INSERT INTO `friendship` (`user_id`, `friend_id`, `status_id`, `created_at`, `updated_at`) VALUES (37, 6, 1, '1976-01-05 04:04:03', '1972-08-19 12:32:53');
INSERT INTO `friendship` (`user_id`, `friend_id`, `status_id`, `created_at`, `updated_at`) VALUES (38, 21, 1, '1980-01-11 10:40:44', '2004-08-22 22:44:42');
INSERT INTO `friendship` (`user_id`, `friend_id`, `status_id`, `created_at`, `updated_at`) VALUES (39, 61, 1, '1984-11-13 06:50:23', '1996-11-01 08:58:13');
INSERT INTO `friendship` (`user_id`, `friend_id`, `status_id`, `created_at`, `updated_at`) VALUES (40, 33, 3, '2007-09-18 08:49:46', '1975-09-20 07:34:33');
INSERT INTO `friendship` (`user_id`, `friend_id`, `status_id`, `created_at`, `updated_at`) VALUES (41, 82, 1, '2020-07-02 02:02:32', '1994-12-18 06:32:18');
INSERT INTO `friendship` (`user_id`, `friend_id`, `status_id`, `created_at`, `updated_at`) VALUES (42, 89, 1, '1995-10-18 20:13:44', '1991-12-22 08:31:53');
INSERT INTO `friendship` (`user_id`, `friend_id`, `status_id`, `created_at`, `updated_at`) VALUES (43, 34, 3, '2010-09-10 16:29:19', '2003-01-20 09:31:20');
INSERT INTO `friendship` (`user_id`, `friend_id`, `status_id`, `created_at`, `updated_at`) VALUES (44, 40, 1, '2015-10-20 09:30:41', '1998-12-25 06:32:53');
INSERT INTO `friendship` (`user_id`, `friend_id`, `status_id`, `created_at`, `updated_at`) VALUES (45, 16, 2, '2012-05-18 06:48:24', '1993-05-23 23:12:15');
INSERT INTO `friendship` (`user_id`, `friend_id`, `status_id`, `created_at`, `updated_at`) VALUES (46, 56, 2, '1981-03-06 10:21:25', '1994-08-22 00:24:56');
INSERT INTO `friendship` (`user_id`, `friend_id`, `status_id`, `created_at`, `updated_at`) VALUES (47, 86, 3, '2009-04-28 19:54:51', '2012-11-24 08:19:26');
INSERT INTO `friendship` (`user_id`, `friend_id`, `status_id`, `created_at`, `updated_at`) VALUES (48, 70, 1, '1973-06-11 11:52:26', '2011-06-04 13:22:39');
INSERT INTO `friendship` (`user_id`, `friend_id`, `status_id`, `created_at`, `updated_at`) VALUES (49, 12, 1, '1981-10-26 01:42:35', '2005-09-22 03:11:01');
INSERT INTO `friendship` (`user_id`, `friend_id`, `status_id`, `created_at`, `updated_at`) VALUES (50, 4, 1, '2011-11-19 20:22:49', '2009-05-23 22:41:23');
INSERT INTO `friendship` (`user_id`, `friend_id`, `status_id`, `created_at`, `updated_at`) VALUES (51, 6, 2, '1973-06-03 14:01:44', '1987-07-08 01:50:31');
INSERT INTO `friendship` (`user_id`, `friend_id`, `status_id`, `created_at`, `updated_at`) VALUES (52, 2, 1, '1983-10-22 05:42:45', '2002-12-24 03:33:14');
INSERT INTO `friendship` (`user_id`, `friend_id`, `status_id`, `created_at`, `updated_at`) VALUES (53, 83, 3, '1988-10-28 09:52:56', '1973-02-02 23:58:16');
INSERT INTO `friendship` (`user_id`, `friend_id`, `status_id`, `created_at`, `updated_at`) VALUES (54, 79, 3, '1972-10-26 21:43:42', '2016-03-20 16:24:42');
INSERT INTO `friendship` (`user_id`, `friend_id`, `status_id`, `created_at`, `updated_at`) VALUES (55, 98, 1, '1998-12-03 13:24:51', '1989-06-17 06:31:55');
INSERT INTO `friendship` (`user_id`, `friend_id`, `status_id`, `created_at`, `updated_at`) VALUES (56, 3, 2, '2015-11-17 21:01:33', '1976-12-24 18:49:55');
INSERT INTO `friendship` (`user_id`, `friend_id`, `status_id`, `created_at`, `updated_at`) VALUES (57, 42, 1, '1983-10-10 15:25:57', '2007-04-06 18:01:30');
INSERT INTO `friendship` (`user_id`, `friend_id`, `status_id`, `created_at`, `updated_at`) VALUES (58, 85, 3, '1985-11-02 20:11:15', '2004-04-01 00:36:23');
INSERT INTO `friendship` (`user_id`, `friend_id`, `status_id`, `created_at`, `updated_at`) VALUES (59, 85, 3, '2010-12-19 19:24:31', '1976-10-18 08:52:44');
INSERT INTO `friendship` (`user_id`, `friend_id`, `status_id`, `created_at`, `updated_at`) VALUES (60, 79, 3, '1989-04-30 00:11:30', '1985-01-02 21:23:21');
INSERT INTO `friendship` (`user_id`, `friend_id`, `status_id`, `created_at`, `updated_at`) VALUES (61, 74, 1, '1971-02-01 04:58:36', '2012-03-29 21:07:09');
INSERT INTO `friendship` (`user_id`, `friend_id`, `status_id`, `created_at`, `updated_at`) VALUES (62, 16, 1, '1997-02-26 20:06:15', '2017-03-27 16:07:56');
INSERT INTO `friendship` (`user_id`, `friend_id`, `status_id`, `created_at`, `updated_at`) VALUES (63, 78, 1, '1994-09-13 22:56:43', '1979-07-07 07:23:51');
INSERT INTO `friendship` (`user_id`, `friend_id`, `status_id`, `created_at`, `updated_at`) VALUES (64, 48, 3, '2001-12-26 12:41:20', '1980-06-10 07:11:06');
INSERT INTO `friendship` (`user_id`, `friend_id`, `status_id`, `created_at`, `updated_at`) VALUES (65, 45, 1, '1995-05-07 16:10:27', '1980-03-18 12:46:11');
INSERT INTO `friendship` (`user_id`, `friend_id`, `status_id`, `created_at`, `updated_at`) VALUES (66, 95, 1, '2012-02-10 02:45:20', '1991-10-06 16:33:42');
INSERT INTO `friendship` (`user_id`, `friend_id`, `status_id`, `created_at`, `updated_at`) VALUES (67, 50, 2, '2001-06-17 10:15:24', '1973-01-24 09:35:19');
INSERT INTO `friendship` (`user_id`, `friend_id`, `status_id`, `created_at`, `updated_at`) VALUES (68, 42, 2, '1987-05-28 11:49:43', '1991-08-04 23:47:01');
INSERT INTO `friendship` (`user_id`, `friend_id`, `status_id`, `created_at`, `updated_at`) VALUES (69, 89, 1, '2002-10-21 09:21:36', '1992-12-12 08:04:59');
INSERT INTO `friendship` (`user_id`, `friend_id`, `status_id`, `created_at`, `updated_at`) VALUES (70, 67, 1, '2008-11-24 07:59:26', '1991-08-12 22:39:46');
INSERT INTO `friendship` (`user_id`, `friend_id`, `status_id`, `created_at`, `updated_at`) VALUES (71, 100, 1, '1986-12-06 22:54:34', '1996-07-05 10:32:51');
INSERT INTO `friendship` (`user_id`, `friend_id`, `status_id`, `created_at`, `updated_at`) VALUES (72, 56, 3, '1999-11-16 18:09:45', '2018-11-12 00:48:44');
INSERT INTO `friendship` (`user_id`, `friend_id`, `status_id`, `created_at`, `updated_at`) VALUES (73, 85, 3, '2018-07-04 14:05:39', '1993-06-02 09:47:11');
INSERT INTO `friendship` (`user_id`, `friend_id`, `status_id`, `created_at`, `updated_at`) VALUES (74, 53, 2, '1973-07-30 21:54:40', '1976-06-04 12:58:12');
INSERT INTO `friendship` (`user_id`, `friend_id`, `status_id`, `created_at`, `updated_at`) VALUES (75, 52, 3, '1984-02-16 11:49:31', '1996-02-28 10:54:56');
INSERT INTO `friendship` (`user_id`, `friend_id`, `status_id`, `created_at`, `updated_at`) VALUES (76, 45, 3, '2011-09-03 14:30:44', '1996-11-10 00:39:02');
INSERT INTO `friendship` (`user_id`, `friend_id`, `status_id`, `created_at`, `updated_at`) VALUES (77, 83, 2, '2017-08-23 04:37:27', '2005-07-24 21:28:31');
INSERT INTO `friendship` (`user_id`, `friend_id`, `status_id`, `created_at`, `updated_at`) VALUES (78, 46, 3, '1973-07-14 17:59:42', '1975-08-28 01:59:01');
INSERT INTO `friendship` (`user_id`, `friend_id`, `status_id`, `created_at`, `updated_at`) VALUES (79, 96, 3, '2009-08-05 03:35:17', '2003-03-02 03:08:22');
INSERT INTO `friendship` (`user_id`, `friend_id`, `status_id`, `created_at`, `updated_at`) VALUES (80, 15, 2, '2001-07-16 09:03:47', '1990-12-28 20:46:33');
INSERT INTO `friendship` (`user_id`, `friend_id`, `status_id`, `created_at`, `updated_at`) VALUES (81, 43, 2, '2010-07-30 20:43:06', '1987-09-28 03:13:11');
INSERT INTO `friendship` (`user_id`, `friend_id`, `status_id`, `created_at`, `updated_at`) VALUES (82, 68, 3, '1979-10-06 11:37:09', '1990-02-11 10:37:12');
INSERT INTO `friendship` (`user_id`, `friend_id`, `status_id`, `created_at`, `updated_at`) VALUES (83, 41, 2, '2009-08-30 23:56:29', '2012-02-16 16:07:16');
INSERT INTO `friendship` (`user_id`, `friend_id`, `status_id`, `created_at`, `updated_at`) VALUES (84, 74, 1, '2019-10-20 02:46:21', '2009-02-16 20:42:39');
INSERT INTO `friendship` (`user_id`, `friend_id`, `status_id`, `created_at`, `updated_at`) VALUES (85, 9, 3, '1995-01-16 21:34:08', '2016-08-01 00:20:05');
INSERT INTO `friendship` (`user_id`, `friend_id`, `status_id`, `created_at`, `updated_at`) VALUES (86, 29, 3, '2005-09-17 12:51:33', '1998-02-19 08:43:14');
INSERT INTO `friendship` (`user_id`, `friend_id`, `status_id`, `created_at`, `updated_at`) VALUES (87, 51, 1, '1998-02-19 21:16:00', '2013-07-14 04:27:04');
INSERT INTO `friendship` (`user_id`, `friend_id`, `status_id`, `created_at`, `updated_at`) VALUES (88, 77, 1, '2001-09-22 22:48:54', '2010-08-26 16:40:28');
INSERT INTO `friendship` (`user_id`, `friend_id`, `status_id`, `created_at`, `updated_at`) VALUES (89, 26, 1, '2009-05-03 21:55:14', '1976-05-15 17:02:55');
INSERT INTO `friendship` (`user_id`, `friend_id`, `status_id`, `created_at`, `updated_at`) VALUES (90, 45, 1, '1991-11-17 16:15:33', '1974-08-28 15:50:11');
INSERT INTO `friendship` (`user_id`, `friend_id`, `status_id`, `created_at`, `updated_at`) VALUES (91, 83, 2, '2017-09-23 02:19:34', '1973-07-14 14:47:10');
INSERT INTO `friendship` (`user_id`, `friend_id`, `status_id`, `created_at`, `updated_at`) VALUES (92, 6, 1, '1985-06-21 11:05:31', '1993-08-04 18:25:49');
INSERT INTO `friendship` (`user_id`, `friend_id`, `status_id`, `created_at`, `updated_at`) VALUES (93, 47, 2, '2000-02-03 15:19:35', '1998-05-04 17:24:40');
INSERT INTO `friendship` (`user_id`, `friend_id`, `status_id`, `created_at`, `updated_at`) VALUES (94, 19, 3, '1971-01-28 20:39:23', '1977-06-01 11:28:22');
INSERT INTO `friendship` (`user_id`, `friend_id`, `status_id`, `created_at`, `updated_at`) VALUES (95, 26, 1, '1972-05-24 05:38:53', '2020-07-07 12:53:04');
INSERT INTO `friendship` (`user_id`, `friend_id`, `status_id`, `created_at`, `updated_at`) VALUES (96, 41, 3, '1976-07-23 07:00:55', '2016-09-13 08:40:21');
INSERT INTO `friendship` (`user_id`, `friend_id`, `status_id`, `created_at`, `updated_at`) VALUES (97, 20, 1, '2017-01-27 12:43:00', '1989-01-23 05:12:15');
INSERT INTO `friendship` (`user_id`, `friend_id`, `status_id`, `created_at`, `updated_at`) VALUES (98, 14, 1, '1982-11-13 11:15:16', '2015-11-15 09:23:16');
INSERT INTO `friendship` (`user_id`, `friend_id`, `status_id`, `created_at`, `updated_at`) VALUES (99, 80, 2, '1983-11-04 13:16:15', '1997-07-24 12:30:41');
INSERT INTO `friendship` (`user_id`, `friend_id`, `status_id`, `created_at`, `updated_at`) VALUES (100, 29, 2, '2009-01-23 10:28:03', '1999-08-05 20:07:21');



INSERT INTO `geolocation` (`id`, `name`, `user_id`, `target_id`, `target_type_id`, `created_at`, `updated_at`) VALUES ('1', 'New Agustinshire', 31, 28, 2, '2003-03-31 08:01:45', '2017-10-31 12:24:48');
INSERT INTO `geolocation` (`id`, `name`, `user_id`, `target_id`, `target_type_id`, `created_at`, `updated_at`) VALUES ('2', 'New Corybury', 73, 37, 2, '1982-03-03 19:23:32', '2005-05-04 19:33:59');
INSERT INTO `geolocation` (`id`, `name`, `user_id`, `target_id`, `target_type_id`, `created_at`, `updated_at`) VALUES ('3', 'New Josh', 29, 50, 4, '2005-01-24 18:03:03', '2010-12-17 20:48:22');
INSERT INTO `geolocation` (`id`, `name`, `user_id`, `target_id`, `target_type_id`, `created_at`, `updated_at`) VALUES ('4', 'Port Irving', 25, 92, 4, '1971-03-29 21:37:09', '1991-09-24 15:43:17');
INSERT INTO `geolocation` (`id`, `name`, `user_id`, `target_id`, `target_type_id`, `created_at`, `updated_at`) VALUES ('5', 'East Wendell', 8, 24, 2, '1979-02-09 15:47:10', '1988-02-19 10:52:01');
INSERT INTO `geolocation` (`id`, `name`, `user_id`, `target_id`, `target_type_id`, `created_at`, `updated_at`) VALUES ('6', 'Doyleview', 49, 78, 4, '1989-01-14 10:33:12', '2000-02-29 18:48:31');
INSERT INTO `geolocation` (`id`, `name`, `user_id`, `target_id`, `target_type_id`, `created_at`, `updated_at`) VALUES ('7', 'Gaylordborough', 10, 41, 2, '1987-09-29 07:48:02', '1990-06-13 07:40:45');
INSERT INTO `geolocation` (`id`, `name`, `user_id`, `target_id`, `target_type_id`, `created_at`, `updated_at`) VALUES ('8', 'New Kirstenfort', 88, 21, 4, '2004-09-01 00:28:48', '2015-01-26 11:04:17');
INSERT INTO `geolocation` (`id`, `name`, `user_id`, `target_id`, `target_type_id`, `created_at`, `updated_at`) VALUES ('9', 'West Candelarioland', 24, 58, 4, '2003-11-09 21:02:04', '2004-10-01 12:15:58');
INSERT INTO `geolocation` (`id`, `name`, `user_id`, `target_id`, `target_type_id`, `created_at`, `updated_at`) VALUES ('10', 'South Jenafort', 3, 30, 4, '1997-08-22 00:06:12', '2005-06-20 17:43:30');
INSERT INTO `geolocation` (`id`, `name`, `user_id`, `target_id`, `target_type_id`, `created_at`, `updated_at`) VALUES ('11', 'Port Mikaylahaven', 97, 95, 4, '1986-01-25 02:30:02', '1996-12-06 16:09:54');
INSERT INTO `geolocation` (`id`, `name`, `user_id`, `target_id`, `target_type_id`, `created_at`, `updated_at`) VALUES ('12', 'Rodriguezton', 4, 59, 4, '1999-12-06 13:05:01', '1974-05-27 19:25:00');
INSERT INTO `geolocation` (`id`, `name`, `user_id`, `target_id`, `target_type_id`, `created_at`, `updated_at`) VALUES ('13', 'Kadeborough', 80, 55, 2, '2007-09-23 10:15:37', '1985-06-19 21:06:35');
INSERT INTO `geolocation` (`id`, `name`, `user_id`, `target_id`, `target_type_id`, `created_at`, `updated_at`) VALUES ('14', 'Torpland', 47, 98, 2, '1972-05-12 10:03:38', '2009-08-29 13:39:49');
INSERT INTO `geolocation` (`id`, `name`, `user_id`, `target_id`, `target_type_id`, `created_at`, `updated_at`) VALUES ('15', 'Lake Katharina', 76, 56, 4, '2017-01-31 22:26:54', '2001-11-17 16:36:48');
INSERT INTO `geolocation` (`id`, `name`, `user_id`, `target_id`, `target_type_id`, `created_at`, `updated_at`) VALUES ('16', 'Morissetteport', 18, 65, 2, '1977-06-26 12:03:08', '1999-06-11 03:31:28');
INSERT INTO `geolocation` (`id`, `name`, `user_id`, `target_id`, `target_type_id`, `created_at`, `updated_at`) VALUES ('17', 'Connerchester', 100, 72, 4, '2012-02-13 22:06:21', '1983-12-09 13:22:26');
INSERT INTO `geolocation` (`id`, `name`, `user_id`, `target_id`, `target_type_id`, `created_at`, `updated_at`) VALUES ('18', 'East Anahi', 62, 9, 4, '2016-06-02 12:01:44', '2014-05-03 04:20:45');
INSERT INTO `geolocation` (`id`, `name`, `user_id`, `target_id`, `target_type_id`, `created_at`, `updated_at`) VALUES ('19', 'West Zackery', 14, 20, 2, '1984-08-12 04:27:34', '1998-05-21 10:48:30');
INSERT INTO `geolocation` (`id`, `name`, `user_id`, `target_id`, `target_type_id`, `created_at`, `updated_at`) VALUES ('20', 'Okunevamouth', 62, 70, 4, '1997-01-15 08:28:49', '1989-05-20 08:14:36');
INSERT INTO `geolocation` (`id`, `name`, `user_id`, `target_id`, `target_type_id`, `created_at`, `updated_at`) VALUES ('21', 'Carloberg', 57, 53, 4, '2015-03-01 14:30:59', '2006-02-21 23:47:55');
INSERT INTO `geolocation` (`id`, `name`, `user_id`, `target_id`, `target_type_id`, `created_at`, `updated_at`) VALUES ('22', 'Arielshire', 78, 86, 4, '2002-05-15 03:11:35', '1980-02-17 10:32:00');
INSERT INTO `geolocation` (`id`, `name`, `user_id`, `target_id`, `target_type_id`, `created_at`, `updated_at`) VALUES ('23', 'Johnsonbury', 73, 14, 2, '1987-01-06 01:29:55', '1992-04-05 04:14:07');
INSERT INTO `geolocation` (`id`, `name`, `user_id`, `target_id`, `target_type_id`, `created_at`, `updated_at`) VALUES ('24', 'New Damariston', 2, 27, 4, '2000-12-18 02:20:39', '1981-04-21 10:51:48');
INSERT INTO `geolocation` (`id`, `name`, `user_id`, `target_id`, `target_type_id`, `created_at`, `updated_at`) VALUES ('25', 'Trantowbury', 6, 37, 3, '2000-08-16 08:18:14', '1985-06-07 15:36:46');
INSERT INTO `geolocation` (`id`, `name`, `user_id`, `target_id`, `target_type_id`, `created_at`, `updated_at`) VALUES ('26', 'East Goldaberg', 46, 43, 3, '2011-07-25 13:46:13', '1994-03-02 06:56:10');
INSERT INTO `geolocation` (`id`, `name`, `user_id`, `target_id`, `target_type_id`, `created_at`, `updated_at`) VALUES ('27', 'Hilberttown', 2, 1, 4, '1984-06-11 19:18:39', '1975-11-16 09:47:27');
INSERT INTO `geolocation` (`id`, `name`, `user_id`, `target_id`, `target_type_id`, `created_at`, `updated_at`) VALUES ('28', 'Millsland', 42, 80, 2, '1984-08-08 19:52:53', '1975-06-04 04:07:50');
INSERT INTO `geolocation` (`id`, `name`, `user_id`, `target_id`, `target_type_id`, `created_at`, `updated_at`) VALUES ('29', 'Colebury', 43, 60, 2, '1978-04-21 21:26:34', '1976-10-24 02:15:06');
INSERT INTO `geolocation` (`id`, `name`, `user_id`, `target_id`, `target_type_id`, `created_at`, `updated_at`) VALUES ('30', 'North Carolannestad', 18, 45, 4, '1986-08-06 08:46:59', '2008-05-20 23:29:13');
INSERT INTO `geolocation` (`id`, `name`, `user_id`, `target_id`, `target_type_id`, `created_at`, `updated_at`) VALUES ('31', 'East Landen', 64, 55, 3, '1976-02-09 00:37:59', '1975-04-06 10:29:19');
INSERT INTO `geolocation` (`id`, `name`, `user_id`, `target_id`, `target_type_id`, `created_at`, `updated_at`) VALUES ('32', 'Torphychester', 36, 8, 3, '1985-06-12 13:18:42', '1985-07-11 17:03:46');
INSERT INTO `geolocation` (`id`, `name`, `user_id`, `target_id`, `target_type_id`, `created_at`, `updated_at`) VALUES ('33', 'Konopelskibury', 90, 64, 2, '1991-03-09 05:02:05', '1981-03-21 13:10:05');
INSERT INTO `geolocation` (`id`, `name`, `user_id`, `target_id`, `target_type_id`, `created_at`, `updated_at`) VALUES ('34', 'Daughertyport', 9, 58, 2, '2014-08-05 03:01:21', '1994-01-24 11:48:37');
INSERT INTO `geolocation` (`id`, `name`, `user_id`, `target_id`, `target_type_id`, `created_at`, `updated_at`) VALUES ('35', 'West Rachael', 23, 21, 2, '2012-09-13 05:14:21', '1972-12-04 06:20:50');
INSERT INTO `geolocation` (`id`, `name`, `user_id`, `target_id`, `target_type_id`, `created_at`, `updated_at`) VALUES ('36', 'Clevelandview', 24, 10, 2, '1975-02-05 15:44:28', '1991-10-12 20:13:29');
INSERT INTO `geolocation` (`id`, `name`, `user_id`, `target_id`, `target_type_id`, `created_at`, `updated_at`) VALUES ('37', 'South Lavernashire', 63, 58, 4, '2013-04-04 21:14:17', '1975-12-26 08:39:08');
INSERT INTO `geolocation` (`id`, `name`, `user_id`, `target_id`, `target_type_id`, `created_at`, `updated_at`) VALUES ('38', 'Lake Pamela', 67, 4, 4, '2001-11-22 04:42:08', '2001-03-21 19:37:40');
INSERT INTO `geolocation` (`id`, `name`, `user_id`, `target_id`, `target_type_id`, `created_at`, `updated_at`) VALUES ('39', 'Elnahaven', 74, 90, 3, '2007-04-10 07:06:17', '2001-04-03 16:59:43');
INSERT INTO `geolocation` (`id`, `name`, `user_id`, `target_id`, `target_type_id`, `created_at`, `updated_at`) VALUES ('40', 'North Tedfurt', 89, 31, 4, '1994-08-26 09:48:10', '1991-11-03 07:52:53');
INSERT INTO `geolocation` (`id`, `name`, `user_id`, `target_id`, `target_type_id`, `created_at`, `updated_at`) VALUES ('41', 'South Keshaunton', 72, 3, 2, '2003-04-09 02:38:47', '2004-05-18 15:26:22');
INSERT INTO `geolocation` (`id`, `name`, `user_id`, `target_id`, `target_type_id`, `created_at`, `updated_at`) VALUES ('42', 'Spencerburgh', 11, 46, 3, '1973-07-20 13:42:23', '1998-01-22 18:30:25');
INSERT INTO `geolocation` (`id`, `name`, `user_id`, `target_id`, `target_type_id`, `created_at`, `updated_at`) VALUES ('43', 'East Chanelleton', 28, 96, 2, '1986-07-15 02:41:56', '1991-02-09 01:24:44');
INSERT INTO `geolocation` (`id`, `name`, `user_id`, `target_id`, `target_type_id`, `created_at`, `updated_at`) VALUES ('44', 'Berylborough', 18, 33, 2, '1988-10-26 02:09:14', '1993-08-27 11:06:11');
INSERT INTO `geolocation` (`id`, `name`, `user_id`, `target_id`, `target_type_id`, `created_at`, `updated_at`) VALUES ('45', 'South Westley', 96, 10, 4, '2016-10-30 05:26:50', '1975-09-27 17:33:26');
INSERT INTO `geolocation` (`id`, `name`, `user_id`, `target_id`, `target_type_id`, `created_at`, `updated_at`) VALUES ('46', 'Marvinshire', 29, 15, 2, '1989-11-09 23:59:24', '2013-05-29 22:37:26');
INSERT INTO `geolocation` (`id`, `name`, `user_id`, `target_id`, `target_type_id`, `created_at`, `updated_at`) VALUES ('47', 'North Graceborough', 25, 38, 3, '1997-09-14 05:40:40', '1984-06-16 12:37:51');
INSERT INTO `geolocation` (`id`, `name`, `user_id`, `target_id`, `target_type_id`, `created_at`, `updated_at`) VALUES ('48', 'Roslynborough', 3, 42, 3, '2005-10-24 18:01:14', '2013-03-12 08:54:55');
INSERT INTO `geolocation` (`id`, `name`, `user_id`, `target_id`, `target_type_id`, `created_at`, `updated_at`) VALUES ('49', 'South Rebeka', 100, 18, 4, '1976-05-02 15:25:03', '2001-07-17 19:15:16');
INSERT INTO `geolocation` (`id`, `name`, `user_id`, `target_id`, `target_type_id`, `created_at`, `updated_at`) VALUES ('50', 'Croninbury', 50, 36, 4, '2003-01-16 04:55:01', '1987-04-06 11:36:36');
INSERT INTO `geolocation` (`id`, `name`, `user_id`, `target_id`, `target_type_id`, `created_at`, `updated_at`) VALUES ('51', 'South Houston', 70, 15, 2, '1981-09-26 09:56:38', '1998-05-13 05:55:19');
INSERT INTO `geolocation` (`id`, `name`, `user_id`, `target_id`, `target_type_id`, `created_at`, `updated_at`) VALUES ('52', 'Steuberberg', 51, 87, 4, '1974-07-13 11:50:44', '1974-05-06 00:16:13');
INSERT INTO `geolocation` (`id`, `name`, `user_id`, `target_id`, `target_type_id`, `created_at`, `updated_at`) VALUES ('53', 'Jonasberg', 75, 79, 4, '1990-08-03 23:59:22', '2004-06-16 07:59:27');
INSERT INTO `geolocation` (`id`, `name`, `user_id`, `target_id`, `target_type_id`, `created_at`, `updated_at`) VALUES ('54', 'Charlietown', 98, 56, 4, '1985-06-22 17:23:22', '2002-01-14 19:45:26');
INSERT INTO `geolocation` (`id`, `name`, `user_id`, `target_id`, `target_type_id`, `created_at`, `updated_at`) VALUES ('55', 'West Arjunborough', 81, 70, 4, '1979-10-28 08:21:41', '1977-05-23 16:40:43');
INSERT INTO `geolocation` (`id`, `name`, `user_id`, `target_id`, `target_type_id`, `created_at`, `updated_at`) VALUES ('56', 'Reynoldsfort', 36, 84, 3, '1970-05-01 09:46:37', '2014-04-22 13:11:47');
INSERT INTO `geolocation` (`id`, `name`, `user_id`, `target_id`, `target_type_id`, `created_at`, `updated_at`) VALUES ('57', 'Clairton', 91, 53, 3, '1989-03-04 00:57:35', '1979-09-14 16:25:29');
INSERT INTO `geolocation` (`id`, `name`, `user_id`, `target_id`, `target_type_id`, `created_at`, `updated_at`) VALUES ('58', 'Port Mary', 22, 39, 4, '1991-05-21 09:55:59', '2013-06-02 20:01:52');
INSERT INTO `geolocation` (`id`, `name`, `user_id`, `target_id`, `target_type_id`, `created_at`, `updated_at`) VALUES ('59', 'Donnellymouth', 99, 68, 4, '2008-10-28 22:49:14', '1985-02-08 21:17:46');
INSERT INTO `geolocation` (`id`, `name`, `user_id`, `target_id`, `target_type_id`, `created_at`, `updated_at`) VALUES ('60', 'Tristonmouth', 59, 85, 4, '2008-03-27 07:32:59', '1988-11-26 19:41:00');
INSERT INTO `geolocation` (`id`, `name`, `user_id`, `target_id`, `target_type_id`, `created_at`, `updated_at`) VALUES ('61', 'East Jackson', 31, 79, 4, '2004-10-12 13:22:55', '1980-04-22 04:50:34');
INSERT INTO `geolocation` (`id`, `name`, `user_id`, `target_id`, `target_type_id`, `created_at`, `updated_at`) VALUES ('62', 'Victoriachester', 60, 32, 3, '1992-06-27 19:39:59', '1980-01-23 17:34:49');
INSERT INTO `geolocation` (`id`, `name`, `user_id`, `target_id`, `target_type_id`, `created_at`, `updated_at`) VALUES ('63', 'North Burleyburgh', 17, 52, 2, '1999-02-20 13:15:54', '2014-12-16 23:48:16');
INSERT INTO `geolocation` (`id`, `name`, `user_id`, `target_id`, `target_type_id`, `created_at`, `updated_at`) VALUES ('64', 'Jakubowskitown', 47, 35, 3, '1978-04-01 00:53:49', '1972-03-01 11:21:16');
INSERT INTO `geolocation` (`id`, `name`, `user_id`, `target_id`, `target_type_id`, `created_at`, `updated_at`) VALUES ('65', 'New Brisaville', 65, 96, 3, '2007-12-06 21:31:05', '2009-02-14 02:26:51');
INSERT INTO `geolocation` (`id`, `name`, `user_id`, `target_id`, `target_type_id`, `created_at`, `updated_at`) VALUES ('66', 'Lindbury', 63, 8, 3, '1971-08-07 03:53:45', '2005-10-04 06:22:50');
INSERT INTO `geolocation` (`id`, `name`, `user_id`, `target_id`, `target_type_id`, `created_at`, `updated_at`) VALUES ('67', 'Eliezermouth', 89, 9, 4, '1980-01-01 02:55:46', '2004-07-25 19:50:37');
INSERT INTO `geolocation` (`id`, `name`, `user_id`, `target_id`, `target_type_id`, `created_at`, `updated_at`) VALUES ('68', 'Beaufurt', 81, 21, 3, '1973-09-28 07:12:52', '1986-08-02 16:54:52');
INSERT INTO `geolocation` (`id`, `name`, `user_id`, `target_id`, `target_type_id`, `created_at`, `updated_at`) VALUES ('69', 'West Robertohaven', 91, 3, 3, '1980-07-11 11:30:54', '1980-11-16 11:56:34');
INSERT INTO `geolocation` (`id`, `name`, `user_id`, `target_id`, `target_type_id`, `created_at`, `updated_at`) VALUES ('70', 'West Rosalindaland', 68, 2, 3, '2014-10-18 17:19:42', '1995-11-09 04:38:42');
INSERT INTO `geolocation` (`id`, `name`, `user_id`, `target_id`, `target_type_id`, `created_at`, `updated_at`) VALUES ('71', 'West Tomasa', 55, 55, 4, '1980-01-09 01:48:27', '2005-05-09 07:59:39');
INSERT INTO `geolocation` (`id`, `name`, `user_id`, `target_id`, `target_type_id`, `created_at`, `updated_at`) VALUES ('72', 'Lake Rodrigo', 2, 95, 3, '2012-11-05 16:32:24', '2002-06-29 13:54:00');
INSERT INTO `geolocation` (`id`, `name`, `user_id`, `target_id`, `target_type_id`, `created_at`, `updated_at`) VALUES ('73', 'Ignacioberg', 59, 92, 3, '2002-07-16 06:39:08', '1974-11-07 14:20:09');
INSERT INTO `geolocation` (`id`, `name`, `user_id`, `target_id`, `target_type_id`, `created_at`, `updated_at`) VALUES ('74', 'Roseshire', 86, 87, 3, '2017-07-14 00:02:43', '1989-03-29 07:00:09');
INSERT INTO `geolocation` (`id`, `name`, `user_id`, `target_id`, `target_type_id`, `created_at`, `updated_at`) VALUES ('75', 'Purdyfurt', 35, 4, 4, '2008-06-01 23:19:12', '1970-04-06 17:19:04');
INSERT INTO `geolocation` (`id`, `name`, `user_id`, `target_id`, `target_type_id`, `created_at`, `updated_at`) VALUES ('76', 'Port Marianaview', 92, 5, 3, '1982-02-02 07:56:46', '2011-12-20 03:41:40');
INSERT INTO `geolocation` (`id`, `name`, `user_id`, `target_id`, `target_type_id`, `created_at`, `updated_at`) VALUES ('77', 'Lake Ceasar', 14, 35, 4, '2009-12-28 00:51:29', '1970-05-15 00:54:32');
INSERT INTO `geolocation` (`id`, `name`, `user_id`, `target_id`, `target_type_id`, `created_at`, `updated_at`) VALUES ('78', 'Jakubowskihaven', 1, 63, 2, '2011-09-24 05:30:30', '1977-03-14 02:13:29');
INSERT INTO `geolocation` (`id`, `name`, `user_id`, `target_id`, `target_type_id`, `created_at`, `updated_at`) VALUES ('79', 'Goodwinburgh', 92, 54, 3, '2010-09-06 05:55:24', '2018-02-14 09:16:45');
INSERT INTO `geolocation` (`id`, `name`, `user_id`, `target_id`, `target_type_id`, `created_at`, `updated_at`) VALUES ('80', 'North Ramon', 92, 72, 4, '2015-11-21 20:59:05', '1997-12-03 12:09:55');
INSERT INTO `geolocation` (`id`, `name`, `user_id`, `target_id`, `target_type_id`, `created_at`, `updated_at`) VALUES ('81', 'South Milo', 82, 46, 2, '2004-02-20 16:30:35', '2011-04-04 05:56:57');
INSERT INTO `geolocation` (`id`, `name`, `user_id`, `target_id`, `target_type_id`, `created_at`, `updated_at`) VALUES ('82', 'Port Scot', 44, 16, 3, '2013-02-04 03:58:54', '1990-10-09 11:14:43');
INSERT INTO `geolocation` (`id`, `name`, `user_id`, `target_id`, `target_type_id`, `created_at`, `updated_at`) VALUES ('83', 'Breannashire', 20, 25, 3, '1982-06-18 07:55:08', '2002-10-13 18:27:38');
INSERT INTO `geolocation` (`id`, `name`, `user_id`, `target_id`, `target_type_id`, `created_at`, `updated_at`) VALUES ('84', 'Boview', 35, 57, 3, '1976-07-06 03:01:28', '2004-06-07 00:34:54');
INSERT INTO `geolocation` (`id`, `name`, `user_id`, `target_id`, `target_type_id`, `created_at`, `updated_at`) VALUES ('85', 'Ansleytown', 81, 60, 4, '2012-12-23 09:10:03', '1991-01-28 06:20:48');
INSERT INTO `geolocation` (`id`, `name`, `user_id`, `target_id`, `target_type_id`, `created_at`, `updated_at`) VALUES ('86', 'West Joannietown', 64, 45, 2, '2008-11-03 07:58:12', '2003-05-19 22:45:06');
INSERT INTO `geolocation` (`id`, `name`, `user_id`, `target_id`, `target_type_id`, `created_at`, `updated_at`) VALUES ('87', 'Schmittshire', 79, 38, 3, '2014-07-18 15:52:17', '1998-10-04 02:26:19');
INSERT INTO `geolocation` (`id`, `name`, `user_id`, `target_id`, `target_type_id`, `created_at`, `updated_at`) VALUES ('88', 'Candacehaven', 59, 40, 4, '1994-02-11 22:33:50', '1988-09-27 16:23:13');
INSERT INTO `geolocation` (`id`, `name`, `user_id`, `target_id`, `target_type_id`, `created_at`, `updated_at`) VALUES ('89', 'South Cole', 1, 52, 4, '1987-12-21 10:49:57', '2007-12-11 19:48:27');
INSERT INTO `geolocation` (`id`, `name`, `user_id`, `target_id`, `target_type_id`, `created_at`, `updated_at`) VALUES ('90', 'South Grover', 94, 4, 4, '2017-03-27 19:12:02', '1987-03-10 17:39:51');
INSERT INTO `geolocation` (`id`, `name`, `user_id`, `target_id`, `target_type_id`, `created_at`, `updated_at`) VALUES ('91', 'Lake Janet', 100, 20, 4, '2019-05-03 19:36:04', '1999-08-13 04:35:28');
INSERT INTO `geolocation` (`id`, `name`, `user_id`, `target_id`, `target_type_id`, `created_at`, `updated_at`) VALUES ('92', 'Lake Jarvisfort', 58, 20, 3, '1977-12-22 10:02:06', '2008-02-06 00:32:41');
INSERT INTO `geolocation` (`id`, `name`, `user_id`, `target_id`, `target_type_id`, `created_at`, `updated_at`) VALUES ('93', 'Port Aleen', 8, 32, 2, '1991-05-05 17:50:22', '2009-02-22 22:35:17');
INSERT INTO `geolocation` (`id`, `name`, `user_id`, `target_id`, `target_type_id`, `created_at`, `updated_at`) VALUES ('94', 'North Audra', 5, 97, 4, '1975-12-09 07:13:31', '1978-10-17 00:08:07');
INSERT INTO `geolocation` (`id`, `name`, `user_id`, `target_id`, `target_type_id`, `created_at`, `updated_at`) VALUES ('95', 'East Ervin', 16, 11, 3, '1985-06-24 23:56:48', '1979-10-20 09:25:05');
INSERT INTO `geolocation` (`id`, `name`, `user_id`, `target_id`, `target_type_id`, `created_at`, `updated_at`) VALUES ('96', 'Preciousstad', 86, 95, 3, '1981-08-03 10:41:21', '1990-08-30 11:11:59');
INSERT INTO `geolocation` (`id`, `name`, `user_id`, `target_id`, `target_type_id`, `created_at`, `updated_at`) VALUES ('97', 'Port Lucilehaven', 4, 35, 3, '2017-11-27 18:19:15', '1971-07-13 12:48:30');
INSERT INTO `geolocation` (`id`, `name`, `user_id`, `target_id`, `target_type_id`, `created_at`, `updated_at`) VALUES ('98', 'New Ashly', 98, 55, 4, '1973-06-25 10:05:04', '1993-12-18 21:52:17');
INSERT INTO `geolocation` (`id`, `name`, `user_id`, `target_id`, `target_type_id`, `created_at`, `updated_at`) VALUES ('99', 'Bufordborough', 87, 11, 2, '1976-07-02 21:39:58', '1972-08-18 23:26:14');
INSERT INTO `geolocation` (`id`, `name`, `user_id`, `target_id`, `target_type_id`, `created_at`, `updated_at`) VALUES ('100', 'Chelsietown', 46, 77, 3, '1983-11-16 12:17:58', '1980-10-21 05:57:06');


INSERT INTO `hashtags` (`id`, `name`, `user_id`, `target_id`, `target_type_id`, `created_at`, `updated_at`) VALUES ('1', 'iste', 11, 97, 4, '1990-07-26 18:24:46', '1974-09-18 12:57:06');
INSERT INTO `hashtags` (`id`, `name`, `user_id`, `target_id`, `target_type_id`, `created_at`, `updated_at`) VALUES ('2', 'rerum', 84, 23, 4, '1977-04-06 21:04:17', '2003-01-30 16:14:54');
INSERT INTO `hashtags` (`id`, `name`, `user_id`, `target_id`, `target_type_id`, `created_at`, `updated_at`) VALUES ('3', 'minima', 91, 20, 4, '1993-08-26 00:16:34', '2004-11-11 10:00:24');
INSERT INTO `hashtags` (`id`, `name`, `user_id`, `target_id`, `target_type_id`, `created_at`, `updated_at`) VALUES ('4', 'ullam', 27, 98, 2, '1997-10-24 18:34:45', '1997-03-19 17:21:18');
INSERT INTO `hashtags` (`id`, `name`, `user_id`, `target_id`, `target_type_id`, `created_at`, `updated_at`) VALUES ('5', 'cupiditate', 48, 39, 4, '2002-01-06 01:57:47', '2017-09-08 12:34:32');
INSERT INTO `hashtags` (`id`, `name`, `user_id`, `target_id`, `target_type_id`, `created_at`, `updated_at`) VALUES ('6', 'nihil', 23, 67, 3, '2006-03-08 13:17:09', '2017-05-31 17:00:02');
INSERT INTO `hashtags` (`id`, `name`, `user_id`, `target_id`, `target_type_id`, `created_at`, `updated_at`) VALUES ('7', 'ut', 75, 87, 2, '1983-12-07 00:15:15', '2012-05-12 22:05:37');
INSERT INTO `hashtags` (`id`, `name`, `user_id`, `target_id`, `target_type_id`, `created_at`, `updated_at`) VALUES ('8', 'et', 38, 46, 2, '2000-02-14 14:50:10', '1970-01-21 13:07:28');
INSERT INTO `hashtags` (`id`, `name`, `user_id`, `target_id`, `target_type_id`, `created_at`, `updated_at`) VALUES ('9', 'ut', 83, 21, 2, '2006-08-05 08:45:36', '2015-11-06 21:23:31');
INSERT INTO `hashtags` (`id`, `name`, `user_id`, `target_id`, `target_type_id`, `created_at`, `updated_at`) VALUES ('10', 'sed', 94, 10, 3, '1977-01-16 19:50:14', '1977-07-16 06:42:05');
INSERT INTO `hashtags` (`id`, `name`, `user_id`, `target_id`, `target_type_id`, `created_at`, `updated_at`) VALUES ('11', 'id', 88, 76, 4, '2009-04-27 15:20:21', '1971-08-26 13:45:49');
INSERT INTO `hashtags` (`id`, `name`, `user_id`, `target_id`, `target_type_id`, `created_at`, `updated_at`) VALUES ('12', 'sapiente', 56, 43, 3, '1970-08-19 10:25:24', '1996-08-18 21:00:00');
INSERT INTO `hashtags` (`id`, `name`, `user_id`, `target_id`, `target_type_id`, `created_at`, `updated_at`) VALUES ('13', 'ratione', 67, 19, 2, '1977-04-04 01:00:26', '2015-05-10 13:46:39');
INSERT INTO `hashtags` (`id`, `name`, `user_id`, `target_id`, `target_type_id`, `created_at`, `updated_at`) VALUES ('14', 'impedit', 71, 99, 3, '1996-11-11 07:40:52', '1977-05-27 16:47:43');
INSERT INTO `hashtags` (`id`, `name`, `user_id`, `target_id`, `target_type_id`, `created_at`, `updated_at`) VALUES ('15', 'aut', 20, 62, 2, '2012-12-25 02:18:32', '1975-02-05 02:52:04');
INSERT INTO `hashtags` (`id`, `name`, `user_id`, `target_id`, `target_type_id`, `created_at`, `updated_at`) VALUES ('16', 'consequatur', 85, 15, 3, '2019-06-23 06:23:33', '1998-05-07 12:10:23');
INSERT INTO `hashtags` (`id`, `name`, `user_id`, `target_id`, `target_type_id`, `created_at`, `updated_at`) VALUES ('17', 'eum', 22, 71, 4, '2013-01-23 14:56:48', '2009-06-12 14:43:50');
INSERT INTO `hashtags` (`id`, `name`, `user_id`, `target_id`, `target_type_id`, `created_at`, `updated_at`) VALUES ('18', 'vero', 17, 92, 3, '1972-08-19 19:56:46', '2010-05-04 00:30:46');
INSERT INTO `hashtags` (`id`, `name`, `user_id`, `target_id`, `target_type_id`, `created_at`, `updated_at`) VALUES ('19', 'quod', 4, 25, 3, '1972-01-03 21:21:47', '1980-01-10 23:27:26');
INSERT INTO `hashtags` (`id`, `name`, `user_id`, `target_id`, `target_type_id`, `created_at`, `updated_at`) VALUES ('20', 'deleniti', 90, 100, 2, '2008-10-12 20:40:10', '1988-11-24 00:30:44');
INSERT INTO `hashtags` (`id`, `name`, `user_id`, `target_id`, `target_type_id`, `created_at`, `updated_at`) VALUES ('21', 'error', 96, 64, 2, '1976-06-21 20:27:37', '1973-12-19 15:31:34');
INSERT INTO `hashtags` (`id`, `name`, `user_id`, `target_id`, `target_type_id`, `created_at`, `updated_at`) VALUES ('22', 'accusantium', 3, 100, 4, '1988-01-16 08:06:41', '2020-03-06 18:41:22');
INSERT INTO `hashtags` (`id`, `name`, `user_id`, `target_id`, `target_type_id`, `created_at`, `updated_at`) VALUES ('23', 'ut', 44, 28, 4, '1997-05-22 04:38:01', '1989-10-17 22:19:28');
INSERT INTO `hashtags` (`id`, `name`, `user_id`, `target_id`, `target_type_id`, `created_at`, `updated_at`) VALUES ('24', 'labore', 2, 53, 2, '1983-01-09 04:35:38', '2004-09-28 14:34:33');
INSERT INTO `hashtags` (`id`, `name`, `user_id`, `target_id`, `target_type_id`, `created_at`, `updated_at`) VALUES ('25', 'odit', 76, 38, 4, '1978-03-11 01:39:13', '2008-08-17 22:00:36');
INSERT INTO `hashtags` (`id`, `name`, `user_id`, `target_id`, `target_type_id`, `created_at`, `updated_at`) VALUES ('26', 'fuga', 97, 84, 2, '1978-06-13 03:53:45', '1984-02-21 19:58:53');
INSERT INTO `hashtags` (`id`, `name`, `user_id`, `target_id`, `target_type_id`, `created_at`, `updated_at`) VALUES ('27', 'quis', 32, 38, 2, '1987-07-01 12:59:22', '1978-07-25 04:43:49');
INSERT INTO `hashtags` (`id`, `name`, `user_id`, `target_id`, `target_type_id`, `created_at`, `updated_at`) VALUES ('28', 'culpa', 36, 17, 4, '1998-08-28 23:24:05', '2014-03-18 19:33:53');
INSERT INTO `hashtags` (`id`, `name`, `user_id`, `target_id`, `target_type_id`, `created_at`, `updated_at`) VALUES ('29', 'ut', 41, 49, 2, '2005-12-05 21:02:16', '1973-09-08 21:15:57');
INSERT INTO `hashtags` (`id`, `name`, `user_id`, `target_id`, `target_type_id`, `created_at`, `updated_at`) VALUES ('30', 'numquam', 73, 46, 2, '1970-10-21 11:58:07', '1984-03-02 02:20:21');
INSERT INTO `hashtags` (`id`, `name`, `user_id`, `target_id`, `target_type_id`, `created_at`, `updated_at`) VALUES ('31', 'rerum', 62, 56, 4, '2017-09-15 09:20:29', '2003-07-27 01:13:22');
INSERT INTO `hashtags` (`id`, `name`, `user_id`, `target_id`, `target_type_id`, `created_at`, `updated_at`) VALUES ('32', 'ipsam', 86, 8, 3, '1997-12-02 14:54:59', '2009-05-07 17:10:42');
INSERT INTO `hashtags` (`id`, `name`, `user_id`, `target_id`, `target_type_id`, `created_at`, `updated_at`) VALUES ('33', 'occaecati', 78, 43, 2, '1992-03-24 19:46:58', '2011-12-17 22:55:00');
INSERT INTO `hashtags` (`id`, `name`, `user_id`, `target_id`, `target_type_id`, `created_at`, `updated_at`) VALUES ('34', 'occaecati', 47, 55, 4, '1983-05-21 12:50:22', '2015-02-22 09:18:22');
INSERT INTO `hashtags` (`id`, `name`, `user_id`, `target_id`, `target_type_id`, `created_at`, `updated_at`) VALUES ('35', 'recusandae', 63, 94, 4, '2016-10-14 18:25:35', '1995-08-10 18:20:18');
INSERT INTO `hashtags` (`id`, `name`, `user_id`, `target_id`, `target_type_id`, `created_at`, `updated_at`) VALUES ('36', 'sint', 49, 69, 4, '1976-12-01 19:54:08', '1977-01-18 07:58:56');
INSERT INTO `hashtags` (`id`, `name`, `user_id`, `target_id`, `target_type_id`, `created_at`, `updated_at`) VALUES ('37', 'doloremque', 81, 24, 4, '2012-08-01 16:59:09', '2007-02-10 02:29:51');
INSERT INTO `hashtags` (`id`, `name`, `user_id`, `target_id`, `target_type_id`, `created_at`, `updated_at`) VALUES ('38', 'explicabo', 57, 13, 4, '2000-06-09 16:20:53', '2006-04-26 15:28:24');
INSERT INTO `hashtags` (`id`, `name`, `user_id`, `target_id`, `target_type_id`, `created_at`, `updated_at`) VALUES ('39', 'debitis', 50, 52, 2, '1981-01-24 22:41:01', '2015-07-26 11:30:32');
INSERT INTO `hashtags` (`id`, `name`, `user_id`, `target_id`, `target_type_id`, `created_at`, `updated_at`) VALUES ('40', 'molestiae', 8, 88, 2, '1988-11-23 18:23:18', '2001-01-19 11:57:08');
INSERT INTO `hashtags` (`id`, `name`, `user_id`, `target_id`, `target_type_id`, `created_at`, `updated_at`) VALUES ('41', 'accusamus', 25, 86, 4, '1974-03-29 19:20:43', '2003-09-04 09:15:29');
INSERT INTO `hashtags` (`id`, `name`, `user_id`, `target_id`, `target_type_id`, `created_at`, `updated_at`) VALUES ('42', 'quae', 21, 52, 4, '1981-06-20 03:00:53', '1977-04-11 03:23:12');
INSERT INTO `hashtags` (`id`, `name`, `user_id`, `target_id`, `target_type_id`, `created_at`, `updated_at`) VALUES ('43', 'quidem', 39, 62, 3, '2003-01-05 02:26:45', '2011-07-31 19:58:13');
INSERT INTO `hashtags` (`id`, `name`, `user_id`, `target_id`, `target_type_id`, `created_at`, `updated_at`) VALUES ('44', 'eum', 51, 85, 3, '1980-02-17 19:35:13', '1998-12-04 14:15:54');
INSERT INTO `hashtags` (`id`, `name`, `user_id`, `target_id`, `target_type_id`, `created_at`, `updated_at`) VALUES ('45', 'voluptas', 93, 50, 2, '2013-02-20 19:38:06', '1993-12-12 14:50:57');
INSERT INTO `hashtags` (`id`, `name`, `user_id`, `target_id`, `target_type_id`, `created_at`, `updated_at`) VALUES ('46', 'aut', 70, 82, 4, '1993-07-18 23:58:45', '1982-01-26 20:03:40');
INSERT INTO `hashtags` (`id`, `name`, `user_id`, `target_id`, `target_type_id`, `created_at`, `updated_at`) VALUES ('47', 'ut', 59, 13, 4, '1985-12-23 09:42:19', '2006-02-28 20:21:14');
INSERT INTO `hashtags` (`id`, `name`, `user_id`, `target_id`, `target_type_id`, `created_at`, `updated_at`) VALUES ('48', 'ipsam', 43, 72, 3, '1978-08-02 16:54:27', '1994-08-23 11:20:26');
INSERT INTO `hashtags` (`id`, `name`, `user_id`, `target_id`, `target_type_id`, `created_at`, `updated_at`) VALUES ('49', 'quia', 42, 49, 3, '2005-06-25 10:46:32', '2001-03-24 15:20:12');
INSERT INTO `hashtags` (`id`, `name`, `user_id`, `target_id`, `target_type_id`, `created_at`, `updated_at`) VALUES ('50', 'recusandae', 55, 1, 4, '1970-12-24 00:45:39', '1991-10-22 19:56:52');
INSERT INTO `hashtags` (`id`, `name`, `user_id`, `target_id`, `target_type_id`, `created_at`, `updated_at`) VALUES ('51', 'tempore', 98, 25, 4, '1996-07-28 22:37:45', '1991-06-19 22:16:35');
INSERT INTO `hashtags` (`id`, `name`, `user_id`, `target_id`, `target_type_id`, `created_at`, `updated_at`) VALUES ('52', 'esse', 89, 97, 3, '1985-07-24 06:21:33', '1975-03-26 01:17:47');
INSERT INTO `hashtags` (`id`, `name`, `user_id`, `target_id`, `target_type_id`, `created_at`, `updated_at`) VALUES ('53', 'laborum', 54, 19, 2, '1995-02-23 03:07:08', '1990-03-15 20:05:23');
INSERT INTO `hashtags` (`id`, `name`, `user_id`, `target_id`, `target_type_id`, `created_at`, `updated_at`) VALUES ('54', 'libero', 1, 31, 2, '2008-05-22 03:58:18', '2005-04-03 04:17:03');
INSERT INTO `hashtags` (`id`, `name`, `user_id`, `target_id`, `target_type_id`, `created_at`, `updated_at`) VALUES ('55', 'cum', 16, 41, 4, '1995-08-19 01:04:20', '2007-08-16 00:54:21');
INSERT INTO `hashtags` (`id`, `name`, `user_id`, `target_id`, `target_type_id`, `created_at`, `updated_at`) VALUES ('56', 'totam', 99, 99, 3, '2014-05-25 16:37:16', '2002-12-03 08:21:03');
INSERT INTO `hashtags` (`id`, `name`, `user_id`, `target_id`, `target_type_id`, `created_at`, `updated_at`) VALUES ('57', 'est', 19, 44, 3, '1975-12-17 23:07:18', '1995-10-18 21:26:25');
INSERT INTO `hashtags` (`id`, `name`, `user_id`, `target_id`, `target_type_id`, `created_at`, `updated_at`) VALUES ('58', 'quia', 13, 65, 3, '1974-06-03 15:15:08', '2002-04-25 03:56:14');
INSERT INTO `hashtags` (`id`, `name`, `user_id`, `target_id`, `target_type_id`, `created_at`, `updated_at`) VALUES ('59', 'architecto', 15, 8, 3, '2009-12-27 17:53:23', '2007-03-17 05:40:23');
INSERT INTO `hashtags` (`id`, `name`, `user_id`, `target_id`, `target_type_id`, `created_at`, `updated_at`) VALUES ('60', 'magnam', 18, 61, 2, '2010-11-21 22:02:39', '1985-04-09 05:42:40');
INSERT INTO `hashtags` (`id`, `name`, `user_id`, `target_id`, `target_type_id`, `created_at`, `updated_at`) VALUES ('61', 'corrupti', 6, 26, 4, '1988-03-25 09:04:37', '1998-04-14 23:26:26');
INSERT INTO `hashtags` (`id`, `name`, `user_id`, `target_id`, `target_type_id`, `created_at`, `updated_at`) VALUES ('62', 'et', 52, 75, 4, '2015-05-18 21:59:44', '2007-01-08 23:52:59');
INSERT INTO `hashtags` (`id`, `name`, `user_id`, `target_id`, `target_type_id`, `created_at`, `updated_at`) VALUES ('63', 'distinctio', 100, 30, 4, '2001-01-21 07:14:38', '2015-04-29 23:25:37');
INSERT INTO `hashtags` (`id`, `name`, `user_id`, `target_id`, `target_type_id`, `created_at`, `updated_at`) VALUES ('64', 'laudantium', 29, 11, 3, '1985-08-08 04:37:19', '2007-10-05 16:22:53');
INSERT INTO `hashtags` (`id`, `name`, `user_id`, `target_id`, `target_type_id`, `created_at`, `updated_at`) VALUES ('65', 'esse', 7, 92, 2, '2015-02-24 07:04:57', '2008-06-23 21:36:09');
INSERT INTO `hashtags` (`id`, `name`, `user_id`, `target_id`, `target_type_id`, `created_at`, `updated_at`) VALUES ('66', 'provident', 10, 69, 2, '1995-12-24 17:20:35', '2019-02-08 21:49:40');
INSERT INTO `hashtags` (`id`, `name`, `user_id`, `target_id`, `target_type_id`, `created_at`, `updated_at`) VALUES ('67', 'suscipit', 77, 1, 3, '1975-09-14 06:04:07', '1984-04-02 16:05:28');
INSERT INTO `hashtags` (`id`, `name`, `user_id`, `target_id`, `target_type_id`, `created_at`, `updated_at`) VALUES ('68', 'vel', 65, 94, 2, '2010-11-14 05:41:28', '2019-01-18 09:18:10');
INSERT INTO `hashtags` (`id`, `name`, `user_id`, `target_id`, `target_type_id`, `created_at`, `updated_at`) VALUES ('69', 'nam', 24, 13, 3, '1980-01-16 08:14:36', '1978-09-28 23:24:50');
INSERT INTO `hashtags` (`id`, `name`, `user_id`, `target_id`, `target_type_id`, `created_at`, `updated_at`) VALUES ('70', 'necessitatibus', 45, 85, 4, '1970-04-02 10:14:00', '1975-03-22 00:36:39');
INSERT INTO `hashtags` (`id`, `name`, `user_id`, `target_id`, `target_type_id`, `created_at`, `updated_at`) VALUES ('71', 'qui', 28, 31, 4, '2009-05-29 17:44:47', '1978-07-01 04:10:19');
INSERT INTO `hashtags` (`id`, `name`, `user_id`, `target_id`, `target_type_id`, `created_at`, `updated_at`) VALUES ('72', 'voluptas', 37, 65, 4, '1999-01-21 05:05:24', '1971-02-21 22:32:29');
INSERT INTO `hashtags` (`id`, `name`, `user_id`, `target_id`, `target_type_id`, `created_at`, `updated_at`) VALUES ('73', 'est', 74, 81, 2, '2011-09-19 07:29:59', '1982-03-12 06:12:20');
INSERT INTO `hashtags` (`id`, `name`, `user_id`, `target_id`, `target_type_id`, `created_at`, `updated_at`) VALUES ('74', 'blanditiis', 61, 84, 2, '2014-05-31 21:06:31', '1991-08-04 08:28:24');
INSERT INTO `hashtags` (`id`, `name`, `user_id`, `target_id`, `target_type_id`, `created_at`, `updated_at`) VALUES ('75', 'alias', 60, 17, 4, '1999-07-18 03:07:05', '2004-08-11 07:37:26');
INSERT INTO `hashtags` (`id`, `name`, `user_id`, `target_id`, `target_type_id`, `created_at`, `updated_at`) VALUES ('76', 'est', 92, 81, 2, '2010-09-10 07:45:07', '2003-02-07 02:54:27');
INSERT INTO `hashtags` (`id`, `name`, `user_id`, `target_id`, `target_type_id`, `created_at`, `updated_at`) VALUES ('77', 'quasi', 95, 26, 3, '1999-06-24 10:33:29', '1986-10-21 20:43:35');
INSERT INTO `hashtags` (`id`, `name`, `user_id`, `target_id`, `target_type_id`, `created_at`, `updated_at`) VALUES ('78', 'autem', 64, 7, 4, '1973-06-16 20:19:59', '1972-05-05 06:20:21');
INSERT INTO `hashtags` (`id`, `name`, `user_id`, `target_id`, `target_type_id`, `created_at`, `updated_at`) VALUES ('79', 'similique', 30, 92, 2, '1975-11-08 01:25:28', '1984-09-22 00:01:05');
INSERT INTO `hashtags` (`id`, `name`, `user_id`, `target_id`, `target_type_id`, `created_at`, `updated_at`) VALUES ('80', 'ea', 69, 56, 3, '2019-02-24 12:29:04', '1985-03-25 20:50:59');
INSERT INTO `hashtags` (`id`, `name`, `user_id`, `target_id`, `target_type_id`, `created_at`, `updated_at`) VALUES ('81', 'aut', 5, 18, 4, '1984-01-24 20:04:49', '1997-03-20 19:00:04');
INSERT INTO `hashtags` (`id`, `name`, `user_id`, `target_id`, `target_type_id`, `created_at`, `updated_at`) VALUES ('82', 'placeat', 82, 74, 2, '2001-08-08 10:49:20', '2009-07-03 02:30:36');
INSERT INTO `hashtags` (`id`, `name`, `user_id`, `target_id`, `target_type_id`, `created_at`, `updated_at`) VALUES ('83', 'iure', 79, 18, 4, '2015-03-26 08:21:53', '1993-02-01 17:42:37');
INSERT INTO `hashtags` (`id`, `name`, `user_id`, `target_id`, `target_type_id`, `created_at`, `updated_at`) VALUES ('84', 'porro', 12, 42, 2, '1972-04-04 14:27:33', '2002-09-12 18:02:09');
INSERT INTO `hashtags` (`id`, `name`, `user_id`, `target_id`, `target_type_id`, `created_at`, `updated_at`) VALUES ('85', 'qui', 35, 64, 4, '2004-09-25 16:10:02', '2019-04-29 07:55:59');
INSERT INTO `hashtags` (`id`, `name`, `user_id`, `target_id`, `target_type_id`, `created_at`, `updated_at`) VALUES ('86', 'ipsum', 53, 79, 4, '2005-07-04 04:53:52', '1998-10-06 07:46:59');
INSERT INTO `hashtags` (`id`, `name`, `user_id`, `target_id`, `target_type_id`, `created_at`, `updated_at`) VALUES ('87', 'nisi', 68, 8, 3, '2016-05-18 17:56:22', '1999-03-19 17:18:02');
INSERT INTO `hashtags` (`id`, `name`, `user_id`, `target_id`, `target_type_id`, `created_at`, `updated_at`) VALUES ('88', 'et', 46, 56, 3, '1988-01-14 22:10:28', '1982-01-04 11:48:37');
INSERT INTO `hashtags` (`id`, `name`, `user_id`, `target_id`, `target_type_id`, `created_at`, `updated_at`) VALUES ('89', 'quam', 14, 83, 3, '1990-04-28 12:34:47', '2000-10-11 05:50:00');
INSERT INTO `hashtags` (`id`, `name`, `user_id`, `target_id`, `target_type_id`, `created_at`, `updated_at`) VALUES ('90', 'dicta', 72, 71, 2, '2014-12-21 07:49:18', '1987-11-07 13:06:34');
INSERT INTO `hashtags` (`id`, `name`, `user_id`, `target_id`, `target_type_id`, `created_at`, `updated_at`) VALUES ('91', 'nihil', 26, 35, 4, '1977-01-26 05:01:46', '2015-04-02 13:19:14');
INSERT INTO `hashtags` (`id`, `name`, `user_id`, `target_id`, `target_type_id`, `created_at`, `updated_at`) VALUES ('92', 'ducimus', 9, 69, 2, '1977-02-20 19:03:23', '1999-06-10 03:03:10');
INSERT INTO `hashtags` (`id`, `name`, `user_id`, `target_id`, `target_type_id`, `created_at`, `updated_at`) VALUES ('93', 'et', 87, 61, 4, '1976-12-18 23:27:19', '1997-08-05 03:27:36');
INSERT INTO `hashtags` (`id`, `name`, `user_id`, `target_id`, `target_type_id`, `created_at`, `updated_at`) VALUES ('94', 'aut', 33, 97, 4, '1973-10-15 11:39:42', '2003-07-29 08:47:51');
INSERT INTO `hashtags` (`id`, `name`, `user_id`, `target_id`, `target_type_id`, `created_at`, `updated_at`) VALUES ('95', 'minus', 34, 77, 3, '1977-08-20 00:24:14', '1995-05-29 19:13:37');
INSERT INTO `hashtags` (`id`, `name`, `user_id`, `target_id`, `target_type_id`, `created_at`, `updated_at`) VALUES ('96', 'similique', 80, 52, 3, '2008-05-09 10:24:51', '2004-06-16 08:31:15');
INSERT INTO `hashtags` (`id`, `name`, `user_id`, `target_id`, `target_type_id`, `created_at`, `updated_at`) VALUES ('97', 'laboriosam', 66, 95, 4, '1976-11-10 05:53:57', '1992-07-01 03:01:26');
INSERT INTO `hashtags` (`id`, `name`, `user_id`, `target_id`, `target_type_id`, `created_at`, `updated_at`) VALUES ('98', 'praesentium', 31, 44, 3, '2011-03-17 00:40:37', '1974-04-11 23:28:57');
INSERT INTO `hashtags` (`id`, `name`, `user_id`, `target_id`, `target_type_id`, `created_at`, `updated_at`) VALUES ('99', 'asperiores', 40, 18, 4, '1985-07-30 18:05:06', '2015-07-14 21:02:58');
INSERT INTO `hashtags` (`id`, `name`, `user_id`, `target_id`, `target_type_id`, `created_at`, `updated_at`) VALUES ('100', 'voluptas', 58, 56, 2, '1993-05-12 04:11:18', '1975-10-01 13:54:42');


INSERT INTO `likes` (`id`, `user_id`, `target_id`, `target_type_id`, `created_at`) VALUES ('1', 71, 95, 2, '2010-01-27 05:14:13');
INSERT INTO `likes` (`id`, `user_id`, `target_id`, `target_type_id`, `created_at`) VALUES ('2', 93, 37, 2, '2002-12-16 23:12:17');
INSERT INTO `likes` (`id`, `user_id`, `target_id`, `target_type_id`, `created_at`) VALUES ('3', 69, 34, 1, '1975-01-29 15:35:46');
INSERT INTO `likes` (`id`, `user_id`, `target_id`, `target_type_id`, `created_at`) VALUES ('4', 85, 9, 2, '1976-01-04 01:58:26');
INSERT INTO `likes` (`id`, `user_id`, `target_id`, `target_type_id`, `created_at`) VALUES ('5', 57, 72, 2, '1970-07-01 15:10:11');
INSERT INTO `likes` (`id`, `user_id`, `target_id`, `target_type_id`, `created_at`) VALUES ('6', 49, 6, 2, '1980-01-18 11:58:28');
INSERT INTO `likes` (`id`, `user_id`, `target_id`, `target_type_id`, `created_at`) VALUES ('7', 4, 89, 1, '2003-04-30 12:26:40');
INSERT INTO `likes` (`id`, `user_id`, `target_id`, `target_type_id`, `created_at`) VALUES ('8', 36, 34, 1, '2019-03-11 14:20:13');
INSERT INTO `likes` (`id`, `user_id`, `target_id`, `target_type_id`, `created_at`) VALUES ('9', 95, 16, 2, '1986-12-20 05:48:52');
INSERT INTO `likes` (`id`, `user_id`, `target_id`, `target_type_id`, `created_at`) VALUES ('10', 45, 42, 1, '1996-04-02 15:00:23');
INSERT INTO `likes` (`id`, `user_id`, `target_id`, `target_type_id`, `created_at`) VALUES ('11', 24, 20, 2, '1970-07-09 10:02:08');
INSERT INTO `likes` (`id`, `user_id`, `target_id`, `target_type_id`, `created_at`) VALUES ('12', 66, 26, 1, '1992-07-23 15:47:51');
INSERT INTO `likes` (`id`, `user_id`, `target_id`, `target_type_id`, `created_at`) VALUES ('13', 22, 50, 1, '2000-04-19 04:43:38');
INSERT INTO `likes` (`id`, `user_id`, `target_id`, `target_type_id`, `created_at`) VALUES ('14', 66, 10, 2, '2003-08-29 04:30:37');
INSERT INTO `likes` (`id`, `user_id`, `target_id`, `target_type_id`, `created_at`) VALUES ('15', 11, 33, 1, '2014-02-21 11:10:13');
INSERT INTO `likes` (`id`, `user_id`, `target_id`, `target_type_id`, `created_at`) VALUES ('16', 84, 71, 2, '1983-02-25 19:41:14');
INSERT INTO `likes` (`id`, `user_id`, `target_id`, `target_type_id`, `created_at`) VALUES ('17', 22, 5, 2, '1978-06-03 20:45:34');
INSERT INTO `likes` (`id`, `user_id`, `target_id`, `target_type_id`, `created_at`) VALUES ('18', 33, 58, 2, '1974-07-15 00:39:19');
INSERT INTO `likes` (`id`, `user_id`, `target_id`, `target_type_id`, `created_at`) VALUES ('19', 93, 55, 2, '2017-12-25 20:59:05');
INSERT INTO `likes` (`id`, `user_id`, `target_id`, `target_type_id`, `created_at`) VALUES ('20', 39, 34, 2, '2016-05-26 13:43:33');
INSERT INTO `likes` (`id`, `user_id`, `target_id`, `target_type_id`, `created_at`) VALUES ('21', 3, 69, 1, '1989-06-16 15:43:59');
INSERT INTO `likes` (`id`, `user_id`, `target_id`, `target_type_id`, `created_at`) VALUES ('22', 37, 9, 1, '2011-05-15 12:03:05');
INSERT INTO `likes` (`id`, `user_id`, `target_id`, `target_type_id`, `created_at`) VALUES ('23', 79, 62, 1, '1970-12-02 18:20:00');
INSERT INTO `likes` (`id`, `user_id`, `target_id`, `target_type_id`, `created_at`) VALUES ('24', 98, 24, 2, '1972-08-28 02:00:08');
INSERT INTO `likes` (`id`, `user_id`, `target_id`, `target_type_id`, `created_at`) VALUES ('25', 35, 9, 1, '1998-02-06 15:01:30');
INSERT INTO `likes` (`id`, `user_id`, `target_id`, `target_type_id`, `created_at`) VALUES ('26', 95, 90, 2, '2009-07-06 09:05:01');
INSERT INTO `likes` (`id`, `user_id`, `target_id`, `target_type_id`, `created_at`) VALUES ('27', 2, 51, 1, '1984-08-05 09:52:07');
INSERT INTO `likes` (`id`, `user_id`, `target_id`, `target_type_id`, `created_at`) VALUES ('28', 60, 74, 1, '1989-08-28 08:59:54');
INSERT INTO `likes` (`id`, `user_id`, `target_id`, `target_type_id`, `created_at`) VALUES ('29', 34, 74, 1, '1976-01-07 01:31:09');
INSERT INTO `likes` (`id`, `user_id`, `target_id`, `target_type_id`, `created_at`) VALUES ('30', 77, 32, 2, '1985-12-21 14:16:35');
INSERT INTO `likes` (`id`, `user_id`, `target_id`, `target_type_id`, `created_at`) VALUES ('31', 52, 59, 1, '2012-05-22 10:52:51');
INSERT INTO `likes` (`id`, `user_id`, `target_id`, `target_type_id`, `created_at`) VALUES ('32', 90, 10, 1, '2011-12-14 09:01:25');
INSERT INTO `likes` (`id`, `user_id`, `target_id`, `target_type_id`, `created_at`) VALUES ('33', 25, 86, 2, '1979-01-21 03:48:30');
INSERT INTO `likes` (`id`, `user_id`, `target_id`, `target_type_id`, `created_at`) VALUES ('34', 27, 68, 2, '1971-07-15 18:03:54');
INSERT INTO `likes` (`id`, `user_id`, `target_id`, `target_type_id`, `created_at`) VALUES ('35', 34, 1, 2, '1973-11-07 16:47:19');
INSERT INTO `likes` (`id`, `user_id`, `target_id`, `target_type_id`, `created_at`) VALUES ('36', 36, 62, 1, '1995-09-17 07:29:46');
INSERT INTO `likes` (`id`, `user_id`, `target_id`, `target_type_id`, `created_at`) VALUES ('37', 70, 42, 1, '2017-03-22 06:34:11');
INSERT INTO `likes` (`id`, `user_id`, `target_id`, `target_type_id`, `created_at`) VALUES ('38', 1, 15, 1, '1988-06-21 00:10:02');
INSERT INTO `likes` (`id`, `user_id`, `target_id`, `target_type_id`, `created_at`) VALUES ('39', 38, 11, 2, '1994-09-05 05:21:01');
INSERT INTO `likes` (`id`, `user_id`, `target_id`, `target_type_id`, `created_at`) VALUES ('40', 29, 83, 1, '1992-07-15 08:19:04');
INSERT INTO `likes` (`id`, `user_id`, `target_id`, `target_type_id`, `created_at`) VALUES ('41', 84, 27, 2, '1996-08-26 09:11:26');
INSERT INTO `likes` (`id`, `user_id`, `target_id`, `target_type_id`, `created_at`) VALUES ('42', 2, 15, 1, '2009-06-30 03:14:56');
INSERT INTO `likes` (`id`, `user_id`, `target_id`, `target_type_id`, `created_at`) VALUES ('43', 14, 98, 2, '2010-01-09 21:38:46');
INSERT INTO `likes` (`id`, `user_id`, `target_id`, `target_type_id`, `created_at`) VALUES ('44', 16, 8, 2, '1978-11-28 22:28:49');
INSERT INTO `likes` (`id`, `user_id`, `target_id`, `target_type_id`, `created_at`) VALUES ('45', 11, 9, 1, '1992-09-13 01:10:27');
INSERT INTO `likes` (`id`, `user_id`, `target_id`, `target_type_id`, `created_at`) VALUES ('46', 69, 89, 1, '1987-07-19 12:12:00');
INSERT INTO `likes` (`id`, `user_id`, `target_id`, `target_type_id`, `created_at`) VALUES ('47', 33, 63, 1, '2015-02-15 18:28:29');
INSERT INTO `likes` (`id`, `user_id`, `target_id`, `target_type_id`, `created_at`) VALUES ('48', 76, 86, 1, '1995-02-12 08:54:59');
INSERT INTO `likes` (`id`, `user_id`, `target_id`, `target_type_id`, `created_at`) VALUES ('49', 52, 64, 1, '1981-05-06 21:34:06');
INSERT INTO `likes` (`id`, `user_id`, `target_id`, `target_type_id`, `created_at`) VALUES ('50', 90, 19, 1, '2014-02-27 05:57:16');
INSERT INTO `likes` (`id`, `user_id`, `target_id`, `target_type_id`, `created_at`) VALUES ('51', 4, 84, 1, '1981-08-17 23:38:29');
INSERT INTO `likes` (`id`, `user_id`, `target_id`, `target_type_id`, `created_at`) VALUES ('52', 1, 62, 2, '2016-03-04 15:41:34');
INSERT INTO `likes` (`id`, `user_id`, `target_id`, `target_type_id`, `created_at`) VALUES ('53', 29, 60, 1, '1988-03-30 00:00:32');
INSERT INTO `likes` (`id`, `user_id`, `target_id`, `target_type_id`, `created_at`) VALUES ('54', 14, 36, 1, '2009-08-06 09:12:26');
INSERT INTO `likes` (`id`, `user_id`, `target_id`, `target_type_id`, `created_at`) VALUES ('55', 51, 32, 1, '2006-03-28 02:34:27');
INSERT INTO `likes` (`id`, `user_id`, `target_id`, `target_type_id`, `created_at`) VALUES ('56', 62, 9, 1, '1995-12-01 23:57:38');
INSERT INTO `likes` (`id`, `user_id`, `target_id`, `target_type_id`, `created_at`) VALUES ('57', 59, 20, 2, '2016-12-26 06:48:38');
INSERT INTO `likes` (`id`, `user_id`, `target_id`, `target_type_id`, `created_at`) VALUES ('58', 10, 100, 1, '2006-11-17 00:26:45');
INSERT INTO `likes` (`id`, `user_id`, `target_id`, `target_type_id`, `created_at`) VALUES ('59', 21, 96, 2, '2010-02-21 20:54:43');
INSERT INTO `likes` (`id`, `user_id`, `target_id`, `target_type_id`, `created_at`) VALUES ('60', 42, 64, 2, '1974-03-27 12:10:50');
INSERT INTO `likes` (`id`, `user_id`, `target_id`, `target_type_id`, `created_at`) VALUES ('61', 83, 36, 1, '2009-05-22 09:41:36');
INSERT INTO `likes` (`id`, `user_id`, `target_id`, `target_type_id`, `created_at`) VALUES ('62', 31, 51, 2, '1980-05-07 20:45:42');
INSERT INTO `likes` (`id`, `user_id`, `target_id`, `target_type_id`, `created_at`) VALUES ('63', 42, 70, 2, '1974-11-07 09:47:25');
INSERT INTO `likes` (`id`, `user_id`, `target_id`, `target_type_id`, `created_at`) VALUES ('64', 90, 26, 2, '2006-09-05 13:51:22');
INSERT INTO `likes` (`id`, `user_id`, `target_id`, `target_type_id`, `created_at`) VALUES ('65', 28, 53, 1, '2000-01-20 13:49:31');
INSERT INTO `likes` (`id`, `user_id`, `target_id`, `target_type_id`, `created_at`) VALUES ('66', 34, 82, 2, '2007-11-16 09:16:16');
INSERT INTO `likes` (`id`, `user_id`, `target_id`, `target_type_id`, `created_at`) VALUES ('67', 8, 65, 1, '1996-09-06 12:15:01');
INSERT INTO `likes` (`id`, `user_id`, `target_id`, `target_type_id`, `created_at`) VALUES ('68', 12, 10, 2, '2019-02-23 23:26:15');
INSERT INTO `likes` (`id`, `user_id`, `target_id`, `target_type_id`, `created_at`) VALUES ('69', 53, 60, 2, '1992-06-16 15:21:33');
INSERT INTO `likes` (`id`, `user_id`, `target_id`, `target_type_id`, `created_at`) VALUES ('70', 72, 67, 1, '1975-01-19 19:55:36');
INSERT INTO `likes` (`id`, `user_id`, `target_id`, `target_type_id`, `created_at`) VALUES ('71', 63, 5, 2, '1972-09-07 10:28:55');
INSERT INTO `likes` (`id`, `user_id`, `target_id`, `target_type_id`, `created_at`) VALUES ('72', 8, 26, 1, '2003-12-31 12:12:34');
INSERT INTO `likes` (`id`, `user_id`, `target_id`, `target_type_id`, `created_at`) VALUES ('73', 20, 15, 2, '1987-02-09 15:08:29');
INSERT INTO `likes` (`id`, `user_id`, `target_id`, `target_type_id`, `created_at`) VALUES ('74', 36, 65, 1, '1981-06-25 09:27:03');
INSERT INTO `likes` (`id`, `user_id`, `target_id`, `target_type_id`, `created_at`) VALUES ('75', 19, 17, 1, '1987-12-07 04:39:34');
INSERT INTO `likes` (`id`, `user_id`, `target_id`, `target_type_id`, `created_at`) VALUES ('76', 16, 19, 2, '2014-10-25 11:51:10');
INSERT INTO `likes` (`id`, `user_id`, `target_id`, `target_type_id`, `created_at`) VALUES ('77', 38, 64, 2, '2011-11-12 10:51:49');
INSERT INTO `likes` (`id`, `user_id`, `target_id`, `target_type_id`, `created_at`) VALUES ('78', 38, 16, 1, '1975-10-02 08:03:46');
INSERT INTO `likes` (`id`, `user_id`, `target_id`, `target_type_id`, `created_at`) VALUES ('79', 8, 66, 1, '1991-01-23 20:54:50');
INSERT INTO `likes` (`id`, `user_id`, `target_id`, `target_type_id`, `created_at`) VALUES ('80', 12, 67, 1, '1978-01-18 05:34:55');
INSERT INTO `likes` (`id`, `user_id`, `target_id`, `target_type_id`, `created_at`) VALUES ('81', 73, 48, 1, '1995-12-13 10:17:37');
INSERT INTO `likes` (`id`, `user_id`, `target_id`, `target_type_id`, `created_at`) VALUES ('82', 11, 70, 1, '2017-01-24 09:38:38');
INSERT INTO `likes` (`id`, `user_id`, `target_id`, `target_type_id`, `created_at`) VALUES ('83', 17, 96, 1, '1979-01-10 10:20:20');
INSERT INTO `likes` (`id`, `user_id`, `target_id`, `target_type_id`, `created_at`) VALUES ('84', 31, 85, 2, '1981-02-09 19:35:45');
INSERT INTO `likes` (`id`, `user_id`, `target_id`, `target_type_id`, `created_at`) VALUES ('85', 69, 60, 1, '2001-11-10 05:09:21');
INSERT INTO `likes` (`id`, `user_id`, `target_id`, `target_type_id`, `created_at`) VALUES ('86', 60, 38, 2, '1990-12-12 10:59:19');
INSERT INTO `likes` (`id`, `user_id`, `target_id`, `target_type_id`, `created_at`) VALUES ('87', 96, 91, 2, '2001-03-23 06:58:28');
INSERT INTO `likes` (`id`, `user_id`, `target_id`, `target_type_id`, `created_at`) VALUES ('88', 22, 75, 1, '1987-10-24 21:40:12');
INSERT INTO `likes` (`id`, `user_id`, `target_id`, `target_type_id`, `created_at`) VALUES ('89', 69, 45, 1, '1972-12-22 16:06:16');
INSERT INTO `likes` (`id`, `user_id`, `target_id`, `target_type_id`, `created_at`) VALUES ('90', 95, 15, 1, '1988-10-09 00:27:54');
INSERT INTO `likes` (`id`, `user_id`, `target_id`, `target_type_id`, `created_at`) VALUES ('91', 75, 78, 2, '2003-03-24 10:00:16');
INSERT INTO `likes` (`id`, `user_id`, `target_id`, `target_type_id`, `created_at`) VALUES ('92', 34, 11, 2, '1987-11-03 13:32:33');
INSERT INTO `likes` (`id`, `user_id`, `target_id`, `target_type_id`, `created_at`) VALUES ('93', 40, 36, 2, '2012-01-11 14:31:17');
INSERT INTO `likes` (`id`, `user_id`, `target_id`, `target_type_id`, `created_at`) VALUES ('94', 92, 31, 2, '1980-08-02 18:05:44');
INSERT INTO `likes` (`id`, `user_id`, `target_id`, `target_type_id`, `created_at`) VALUES ('95', 70, 58, 2, '2013-08-06 09:39:04');
INSERT INTO `likes` (`id`, `user_id`, `target_id`, `target_type_id`, `created_at`) VALUES ('96', 64, 29, 1, '1984-09-26 09:30:24');
INSERT INTO `likes` (`id`, `user_id`, `target_id`, `target_type_id`, `created_at`) VALUES ('97', 18, 24, 1, '2018-03-13 02:36:48');
INSERT INTO `likes` (`id`, `user_id`, `target_id`, `target_type_id`, `created_at`) VALUES ('98', 52, 7, 2, '1995-07-03 18:06:11');
INSERT INTO `likes` (`id`, `user_id`, `target_id`, `target_type_id`, `created_at`) VALUES ('99', 23, 88, 1, '2015-02-24 10:47:05');
INSERT INTO `likes` (`id`, `user_id`, `target_id`, `target_type_id`, `created_at`) VALUES ('100', 97, 35, 1, '2014-06-22 04:55:44');


INSERT INTO `media` (`id`, `user_id`, `filename`, `size`, `metadata`, `media_type_id`, `created_at`, `updated_at`) VALUES ('1', 11, 'molestiae', 8412, NULL, 4, '1974-08-20 00:12:13', '1995-11-24 12:20:58');
INSERT INTO `media` (`id`, `user_id`, `filename`, `size`, `metadata`, `media_type_id`, `created_at`, `updated_at`) VALUES ('2', 30, 'facere', 77997, NULL, 4, '1994-09-13 08:39:21', '1988-10-28 12:38:36');
INSERT INTO `media` (`id`, `user_id`, `filename`, `size`, `metadata`, `media_type_id`, `created_at`, `updated_at`) VALUES ('3', 52, 'voluptatem', 75345, NULL, 4, '2000-11-27 01:11:44', '2017-11-01 16:41:30');
INSERT INTO `media` (`id`, `user_id`, `filename`, `size`, `metadata`, `media_type_id`, `created_at`, `updated_at`) VALUES ('4', 35, 'temporibus', 64701, NULL, 2, '2015-06-29 06:18:42', '1989-04-14 15:47:50');
INSERT INTO `media` (`id`, `user_id`, `filename`, `size`, `metadata`, `media_type_id`, `created_at`, `updated_at`) VALUES ('5', 93, 'eligendi', 41043, NULL, 5, '1986-01-12 23:06:33', '1988-11-09 11:44:33');
INSERT INTO `media` (`id`, `user_id`, `filename`, `size`, `metadata`, `media_type_id`, `created_at`, `updated_at`) VALUES ('6', 82, 'totam', 76880, NULL, 2, '1984-02-16 13:11:21', '1970-07-14 15:27:14');
INSERT INTO `media` (`id`, `user_id`, `filename`, `size`, `metadata`, `media_type_id`, `created_at`, `updated_at`) VALUES ('7', 47, 'ut', 76296, NULL, 3, '1996-10-14 21:41:52', '1976-04-04 07:39:53');
INSERT INTO `media` (`id`, `user_id`, `filename`, `size`, `metadata`, `media_type_id`, `created_at`, `updated_at`) VALUES ('8', 32, 'in', 94960, NULL, 1, '1995-02-02 21:09:04', '1989-01-03 14:27:08');
INSERT INTO `media` (`id`, `user_id`, `filename`, `size`, `metadata`, `media_type_id`, `created_at`, `updated_at`) VALUES ('9', 3, 'possimus', 94718, NULL, 4, '2017-07-08 21:45:11', '1984-04-20 00:13:48');
INSERT INTO `media` (`id`, `user_id`, `filename`, `size`, `metadata`, `media_type_id`, `created_at`, `updated_at`) VALUES ('10', 25, 'possimus', 11495, NULL, 5, '1987-04-13 11:10:35', '2011-09-23 05:41:09');
INSERT INTO `media` (`id`, `user_id`, `filename`, `size`, `metadata`, `media_type_id`, `created_at`, `updated_at`) VALUES ('11', 24, 'amet', 87148, NULL, 5, '1989-09-27 06:58:17', '1984-04-05 11:54:14');
INSERT INTO `media` (`id`, `user_id`, `filename`, `size`, `metadata`, `media_type_id`, `created_at`, `updated_at`) VALUES ('12', 64, 'accusamus', 44036, NULL, 3, '2008-03-20 05:59:55', '1972-02-03 10:20:15');
INSERT INTO `media` (`id`, `user_id`, `filename`, `size`, `metadata`, `media_type_id`, `created_at`, `updated_at`) VALUES ('13', 81, 'deserunt', 28982, NULL, 6, '2003-09-26 13:28:08', '1983-09-11 08:54:08');
INSERT INTO `media` (`id`, `user_id`, `filename`, `size`, `metadata`, `media_type_id`, `created_at`, `updated_at`) VALUES ('14', 34, 'rem', 91366, NULL, 4, '1987-07-12 01:23:58', '1975-03-14 00:30:00');
INSERT INTO `media` (`id`, `user_id`, `filename`, `size`, `metadata`, `media_type_id`, `created_at`, `updated_at`) VALUES ('15', 77, 'quae', 55245, NULL, 3, '1976-06-21 18:42:27', '1995-12-29 07:14:44');
INSERT INTO `media` (`id`, `user_id`, `filename`, `size`, `metadata`, `media_type_id`, `created_at`, `updated_at`) VALUES ('16', 78, 'ea', 66481, NULL, 5, '2013-04-03 22:23:42', '2017-03-18 07:58:23');
INSERT INTO `media` (`id`, `user_id`, `filename`, `size`, `metadata`, `media_type_id`, `created_at`, `updated_at`) VALUES ('17', 29, 'quia', 96124, NULL, 5, '1983-08-06 05:18:42', '2017-01-19 18:22:36');
INSERT INTO `media` (`id`, `user_id`, `filename`, `size`, `metadata`, `media_type_id`, `created_at`, `updated_at`) VALUES ('18', 48, 'occaecati', 61998, NULL, 6, '2016-05-28 21:03:04', '2007-05-22 12:46:51');
INSERT INTO `media` (`id`, `user_id`, `filename`, `size`, `metadata`, `media_type_id`, `created_at`, `updated_at`) VALUES ('19', 98, 'sint', 13886, NULL, 6, '1972-08-01 03:48:19', '1989-08-28 01:46:23');
INSERT INTO `media` (`id`, `user_id`, `filename`, `size`, `metadata`, `media_type_id`, `created_at`, `updated_at`) VALUES ('20', 69, 'pariatur', 96504, NULL, 4, '1994-04-25 11:18:57', '1999-02-10 06:51:07');
INSERT INTO `media` (`id`, `user_id`, `filename`, `size`, `metadata`, `media_type_id`, `created_at`, `updated_at`) VALUES ('21', 71, 'cum', 60060, NULL, 5, '1976-08-23 16:25:07', '1981-11-24 23:34:15');
INSERT INTO `media` (`id`, `user_id`, `filename`, `size`, `metadata`, `media_type_id`, `created_at`, `updated_at`) VALUES ('22', 30, 'cum', 83970, NULL, 1, '1984-10-16 18:15:22', '1975-09-18 10:14:53');
INSERT INTO `media` (`id`, `user_id`, `filename`, `size`, `metadata`, `media_type_id`, `created_at`, `updated_at`) VALUES ('23', 56, 'ut', 36770, NULL, 2, '2012-08-12 02:25:32', '1975-07-04 05:22:24');
INSERT INTO `media` (`id`, `user_id`, `filename`, `size`, `metadata`, `media_type_id`, `created_at`, `updated_at`) VALUES ('24', 12, 'eum', 67313, NULL, 4, '1987-03-06 07:54:39', '2016-06-19 03:28:53');
INSERT INTO `media` (`id`, `user_id`, `filename`, `size`, `metadata`, `media_type_id`, `created_at`, `updated_at`) VALUES ('25', 73, 'rem', 20942, NULL, 6, '1981-02-14 22:58:00', '2015-08-22 13:51:52');
INSERT INTO `media` (`id`, `user_id`, `filename`, `size`, `metadata`, `media_type_id`, `created_at`, `updated_at`) VALUES ('26', 41, 'sit', 12536, NULL, 3, '2002-11-06 09:13:13', '1996-07-10 11:28:40');
INSERT INTO `media` (`id`, `user_id`, `filename`, `size`, `metadata`, `media_type_id`, `created_at`, `updated_at`) VALUES ('27', 88, 'sapiente', 21223, NULL, 5, '1996-01-21 16:31:13', '1972-10-29 11:40:39');
INSERT INTO `media` (`id`, `user_id`, `filename`, `size`, `metadata`, `media_type_id`, `created_at`, `updated_at`) VALUES ('28', 80, 'iusto', 50883, NULL, 1, '1982-12-01 20:05:53', '1997-06-14 08:30:06');
INSERT INTO `media` (`id`, `user_id`, `filename`, `size`, `metadata`, `media_type_id`, `created_at`, `updated_at`) VALUES ('29', 93, 'id', 652, NULL, 2, '1983-02-17 02:16:59', '2006-04-03 07:14:07');
INSERT INTO `media` (`id`, `user_id`, `filename`, `size`, `metadata`, `media_type_id`, `created_at`, `updated_at`) VALUES ('30', 16, 'reiciendis', 28875, NULL, 4, '1992-05-12 15:31:52', '2002-05-21 22:21:58');
INSERT INTO `media` (`id`, `user_id`, `filename`, `size`, `metadata`, `media_type_id`, `created_at`, `updated_at`) VALUES ('31', 70, 'esse', 33414, NULL, 4, '1995-05-15 11:29:47', '1985-03-08 04:25:42');
INSERT INTO `media` (`id`, `user_id`, `filename`, `size`, `metadata`, `media_type_id`, `created_at`, `updated_at`) VALUES ('32', 70, 'accusamus', 75792, NULL, 3, '2015-12-11 23:27:30', '2010-03-04 06:15:12');
INSERT INTO `media` (`id`, `user_id`, `filename`, `size`, `metadata`, `media_type_id`, `created_at`, `updated_at`) VALUES ('33', 32, 'inventore', 59761, NULL, 4, '1977-03-11 16:17:05', '1991-03-13 23:10:12');
INSERT INTO `media` (`id`, `user_id`, `filename`, `size`, `metadata`, `media_type_id`, `created_at`, `updated_at`) VALUES ('34', 32, 'mollitia', 13815, NULL, 3, '1973-12-15 21:45:26', '2016-10-07 19:14:40');
INSERT INTO `media` (`id`, `user_id`, `filename`, `size`, `metadata`, `media_type_id`, `created_at`, `updated_at`) VALUES ('35', 96, 'sequi', 45243, NULL, 4, '2005-02-12 20:32:47', '1996-05-14 23:59:03');
INSERT INTO `media` (`id`, `user_id`, `filename`, `size`, `metadata`, `media_type_id`, `created_at`, `updated_at`) VALUES ('36', 87, 'eum', 77892, NULL, 4, '1989-06-17 02:48:27', '2016-10-29 14:11:15');
INSERT INTO `media` (`id`, `user_id`, `filename`, `size`, `metadata`, `media_type_id`, `created_at`, `updated_at`) VALUES ('37', 32, 'consequuntur', 78190, NULL, 6, '2008-06-05 00:52:05', '2001-11-13 18:17:54');
INSERT INTO `media` (`id`, `user_id`, `filename`, `size`, `metadata`, `media_type_id`, `created_at`, `updated_at`) VALUES ('38', 43, 'quod', 93702, NULL, 2, '1990-05-24 18:31:06', '1977-04-02 13:38:53');
INSERT INTO `media` (`id`, `user_id`, `filename`, `size`, `metadata`, `media_type_id`, `created_at`, `updated_at`) VALUES ('39', 40, 'et', 67604, NULL, 1, '2020-01-28 13:15:32', '1980-12-28 06:46:44');
INSERT INTO `media` (`id`, `user_id`, `filename`, `size`, `metadata`, `media_type_id`, `created_at`, `updated_at`) VALUES ('40', 84, 'ipsum', 92850, NULL, 3, '2003-10-09 01:34:42', '1988-06-23 09:35:01');
INSERT INTO `media` (`id`, `user_id`, `filename`, `size`, `metadata`, `media_type_id`, `created_at`, `updated_at`) VALUES ('41', 24, 'quod', 97407, NULL, 5, '2019-05-25 06:34:34', '2019-06-03 10:35:24');
INSERT INTO `media` (`id`, `user_id`, `filename`, `size`, `metadata`, `media_type_id`, `created_at`, `updated_at`) VALUES ('42', 52, 'qui', 36219, NULL, 5, '2019-02-23 10:54:06', '1976-06-12 23:31:33');
INSERT INTO `media` (`id`, `user_id`, `filename`, `size`, `metadata`, `media_type_id`, `created_at`, `updated_at`) VALUES ('43', 39, 'laudantium', 13894, NULL, 3, '1970-04-13 00:06:20', '1979-08-21 02:24:40');
INSERT INTO `media` (`id`, `user_id`, `filename`, `size`, `metadata`, `media_type_id`, `created_at`, `updated_at`) VALUES ('44', 6, 'cumque', 18162, NULL, 5, '1986-11-10 07:39:27', '1996-12-14 10:17:17');
INSERT INTO `media` (`id`, `user_id`, `filename`, `size`, `metadata`, `media_type_id`, `created_at`, `updated_at`) VALUES ('45', 71, 'error', 48099, NULL, 2, '1999-06-13 23:11:56', '2007-12-05 18:40:29');
INSERT INTO `media` (`id`, `user_id`, `filename`, `size`, `metadata`, `media_type_id`, `created_at`, `updated_at`) VALUES ('46', 3, 'ad', 16777, NULL, 5, '1993-05-15 22:17:21', '1983-09-02 23:56:49');
INSERT INTO `media` (`id`, `user_id`, `filename`, `size`, `metadata`, `media_type_id`, `created_at`, `updated_at`) VALUES ('47', 70, 'quaerat', 32361, NULL, 3, '1987-07-05 23:01:20', '1985-06-01 12:05:25');
INSERT INTO `media` (`id`, `user_id`, `filename`, `size`, `metadata`, `media_type_id`, `created_at`, `updated_at`) VALUES ('48', 82, 'eaque', 74266, NULL, 2, '1993-06-12 09:33:00', '1976-06-22 12:15:31');
INSERT INTO `media` (`id`, `user_id`, `filename`, `size`, `metadata`, `media_type_id`, `created_at`, `updated_at`) VALUES ('49', 99, 'expedita', 9709, NULL, 1, '2013-02-13 15:08:38', '1971-04-07 04:09:01');
INSERT INTO `media` (`id`, `user_id`, `filename`, `size`, `metadata`, `media_type_id`, `created_at`, `updated_at`) VALUES ('50', 33, 'ratione', 83262, NULL, 4, '2013-11-21 18:42:06', '1976-07-08 04:30:23');
INSERT INTO `media` (`id`, `user_id`, `filename`, `size`, `metadata`, `media_type_id`, `created_at`, `updated_at`) VALUES ('51', 42, 'dolorem', 78937, NULL, 6, '1973-10-19 18:54:00', '1996-06-19 12:13:10');
INSERT INTO `media` (`id`, `user_id`, `filename`, `size`, `metadata`, `media_type_id`, `created_at`, `updated_at`) VALUES ('52', 60, 'aut', 80522, NULL, 5, '1998-05-04 10:21:09', '2014-08-26 20:49:06');
INSERT INTO `media` (`id`, `user_id`, `filename`, `size`, `metadata`, `media_type_id`, `created_at`, `updated_at`) VALUES ('53', 73, 'quia', 40184, NULL, 3, '2000-03-27 07:55:28', '1985-11-11 02:10:21');
INSERT INTO `media` (`id`, `user_id`, `filename`, `size`, `metadata`, `media_type_id`, `created_at`, `updated_at`) VALUES ('54', 96, 'quae', 46000, NULL, 6, '2000-11-16 13:34:29', '2012-01-16 00:42:37');
INSERT INTO `media` (`id`, `user_id`, `filename`, `size`, `metadata`, `media_type_id`, `created_at`, `updated_at`) VALUES ('55', 93, 'placeat', 38059, NULL, 4, '2019-01-23 15:23:38', '1990-10-16 01:56:43');
INSERT INTO `media` (`id`, `user_id`, `filename`, `size`, `metadata`, `media_type_id`, `created_at`, `updated_at`) VALUES ('56', 21, 'nulla', 35239, NULL, 4, '1981-08-14 15:11:59', '1987-06-18 18:23:17');
INSERT INTO `media` (`id`, `user_id`, `filename`, `size`, `metadata`, `media_type_id`, `created_at`, `updated_at`) VALUES ('57', 35, 'tempora', 63299, NULL, 6, '2007-01-20 05:41:39', '1982-09-12 15:54:06');
INSERT INTO `media` (`id`, `user_id`, `filename`, `size`, `metadata`, `media_type_id`, `created_at`, `updated_at`) VALUES ('58', 63, 'eum', 8477, NULL, 5, '1987-02-12 20:12:10', '1995-05-19 04:13:35');
INSERT INTO `media` (`id`, `user_id`, `filename`, `size`, `metadata`, `media_type_id`, `created_at`, `updated_at`) VALUES ('59', 13, 'cum', 17173, NULL, 5, '1982-05-13 17:05:31', '1973-05-09 00:35:20');
INSERT INTO `media` (`id`, `user_id`, `filename`, `size`, `metadata`, `media_type_id`, `created_at`, `updated_at`) VALUES ('60', 53, 'consequatur', 52124, NULL, 2, '1979-08-02 14:51:55', '1981-05-27 00:20:18');
INSERT INTO `media` (`id`, `user_id`, `filename`, `size`, `metadata`, `media_type_id`, `created_at`, `updated_at`) VALUES ('61', 40, 'quam', 38418, NULL, 2, '2008-02-13 12:30:30', '2003-05-17 22:39:51');
INSERT INTO `media` (`id`, `user_id`, `filename`, `size`, `metadata`, `media_type_id`, `created_at`, `updated_at`) VALUES ('62', 39, 'aut', 60026, NULL, 5, '1997-11-30 14:23:37', '1991-12-10 13:38:58');
INSERT INTO `media` (`id`, `user_id`, `filename`, `size`, `metadata`, `media_type_id`, `created_at`, `updated_at`) VALUES ('63', 18, 'dolor', 96057, NULL, 4, '1979-11-04 20:10:17', '1988-09-02 18:55:06');
INSERT INTO `media` (`id`, `user_id`, `filename`, `size`, `metadata`, `media_type_id`, `created_at`, `updated_at`) VALUES ('64', 35, 'corrupti', 17886, NULL, 6, '2002-02-12 19:40:24', '1970-08-18 11:51:51');
INSERT INTO `media` (`id`, `user_id`, `filename`, `size`, `metadata`, `media_type_id`, `created_at`, `updated_at`) VALUES ('65', 14, 'veniam', 94175, NULL, 2, '2016-11-16 16:57:23', '2002-12-27 10:24:17');
INSERT INTO `media` (`id`, `user_id`, `filename`, `size`, `metadata`, `media_type_id`, `created_at`, `updated_at`) VALUES ('66', 94, 'est', 22253, NULL, 1, '1977-12-14 08:00:55', '2018-04-22 08:38:13');
INSERT INTO `media` (`id`, `user_id`, `filename`, `size`, `metadata`, `media_type_id`, `created_at`, `updated_at`) VALUES ('67', 75, 'nulla', 17299, NULL, 5, '2006-10-03 17:54:43', '1978-09-05 08:11:49');
INSERT INTO `media` (`id`, `user_id`, `filename`, `size`, `metadata`, `media_type_id`, `created_at`, `updated_at`) VALUES ('68', 99, 'nihil', 361, NULL, 4, '1978-10-09 22:20:48', '2020-05-22 23:12:26');
INSERT INTO `media` (`id`, `user_id`, `filename`, `size`, `metadata`, `media_type_id`, `created_at`, `updated_at`) VALUES ('69', 8, 'culpa', 92454, NULL, 2, '1993-04-25 03:45:57', '1977-09-18 17:28:08');
INSERT INTO `media` (`id`, `user_id`, `filename`, `size`, `metadata`, `media_type_id`, `created_at`, `updated_at`) VALUES ('70', 46, 'repellendus', 83482, NULL, 4, '2012-01-25 03:58:09', '2010-05-20 23:20:00');
INSERT INTO `media` (`id`, `user_id`, `filename`, `size`, `metadata`, `media_type_id`, `created_at`, `updated_at`) VALUES ('71', 38, 'qui', 52029, NULL, 3, '2002-06-29 18:45:25', '2001-01-05 15:22:04');
INSERT INTO `media` (`id`, `user_id`, `filename`, `size`, `metadata`, `media_type_id`, `created_at`, `updated_at`) VALUES ('72', 32, 'corrupti', 21990, NULL, 3, '1990-12-28 13:55:11', '1988-03-05 01:25:50');
INSERT INTO `media` (`id`, `user_id`, `filename`, `size`, `metadata`, `media_type_id`, `created_at`, `updated_at`) VALUES ('73', 17, 'est', 70707, NULL, 4, '1984-05-08 12:37:38', '1979-04-03 11:42:11');
INSERT INTO `media` (`id`, `user_id`, `filename`, `size`, `metadata`, `media_type_id`, `created_at`, `updated_at`) VALUES ('74', 67, 'odit', 20846, NULL, 3, '1990-08-16 06:40:57', '2017-08-06 21:25:58');
INSERT INTO `media` (`id`, `user_id`, `filename`, `size`, `metadata`, `media_type_id`, `created_at`, `updated_at`) VALUES ('75', 15, 'incidunt', 24586, NULL, 4, '2004-05-02 01:30:31', '1976-04-25 13:02:26');
INSERT INTO `media` (`id`, `user_id`, `filename`, `size`, `metadata`, `media_type_id`, `created_at`, `updated_at`) VALUES ('76', 30, 'et', 63965, NULL, 5, '2014-03-18 22:25:50', '1971-10-17 23:07:35');
INSERT INTO `media` (`id`, `user_id`, `filename`, `size`, `metadata`, `media_type_id`, `created_at`, `updated_at`) VALUES ('77', 6, 'id', 20156, NULL, 6, '2007-12-08 09:56:12', '2019-08-25 09:32:28');
INSERT INTO `media` (`id`, `user_id`, `filename`, `size`, `metadata`, `media_type_id`, `created_at`, `updated_at`) VALUES ('78', 74, 'veritatis', 4821, NULL, 6, '1989-02-28 03:07:49', '1970-04-08 17:59:56');
INSERT INTO `media` (`id`, `user_id`, `filename`, `size`, `metadata`, `media_type_id`, `created_at`, `updated_at`) VALUES ('79', 80, 'illum', 44971, NULL, 6, '1984-06-14 05:40:04', '2015-03-23 16:25:40');
INSERT INTO `media` (`id`, `user_id`, `filename`, `size`, `metadata`, `media_type_id`, `created_at`, `updated_at`) VALUES ('80', 57, 'qui', 69040, NULL, 5, '2008-10-27 13:19:45', '1994-06-17 04:35:41');
INSERT INTO `media` (`id`, `user_id`, `filename`, `size`, `metadata`, `media_type_id`, `created_at`, `updated_at`) VALUES ('81', 99, 'sunt', 98697, NULL, 3, '2007-10-22 12:43:28', '2019-04-12 18:55:57');
INSERT INTO `media` (`id`, `user_id`, `filename`, `size`, `metadata`, `media_type_id`, `created_at`, `updated_at`) VALUES ('82', 99, 'esse', 81669, NULL, 3, '1981-05-17 02:17:07', '2011-06-24 09:12:20');
INSERT INTO `media` (`id`, `user_id`, `filename`, `size`, `metadata`, `media_type_id`, `created_at`, `updated_at`) VALUES ('83', 27, 'aspernatur', 49786, NULL, 1, '2019-12-15 15:00:09', '1970-06-23 18:19:12');
INSERT INTO `media` (`id`, `user_id`, `filename`, `size`, `metadata`, `media_type_id`, `created_at`, `updated_at`) VALUES ('84', 1, 'dolore', 26874, NULL, 1, '2007-09-10 09:44:15', '1976-02-27 03:00:53');
INSERT INTO `media` (`id`, `user_id`, `filename`, `size`, `metadata`, `media_type_id`, `created_at`, `updated_at`) VALUES ('85', 8, 'iste', 76425, NULL, 5, '1982-01-09 20:46:04', '1974-04-24 16:29:42');
INSERT INTO `media` (`id`, `user_id`, `filename`, `size`, `metadata`, `media_type_id`, `created_at`, `updated_at`) VALUES ('86', 38, 'officia', 20024, NULL, 6, '1991-05-27 08:24:18', '1980-06-09 07:48:33');
INSERT INTO `media` (`id`, `user_id`, `filename`, `size`, `metadata`, `media_type_id`, `created_at`, `updated_at`) VALUES ('87', 75, 'velit', 57191, NULL, 2, '1976-08-12 23:30:23', '2004-08-07 01:35:45');
INSERT INTO `media` (`id`, `user_id`, `filename`, `size`, `metadata`, `media_type_id`, `created_at`, `updated_at`) VALUES ('88', 46, 'sed', 11590, NULL, 2, '1998-04-19 04:15:22', '2012-01-01 11:50:37');
INSERT INTO `media` (`id`, `user_id`, `filename`, `size`, `metadata`, `media_type_id`, `created_at`, `updated_at`) VALUES ('89', 39, 'labore', 38911, NULL, 4, '2009-08-15 02:03:36', '2006-03-11 04:28:16');
INSERT INTO `media` (`id`, `user_id`, `filename`, `size`, `metadata`, `media_type_id`, `created_at`, `updated_at`) VALUES ('90', 81, 'laboriosam', 86499, NULL, 2, '2005-12-13 19:27:52', '2015-02-23 09:01:21');
INSERT INTO `media` (`id`, `user_id`, `filename`, `size`, `metadata`, `media_type_id`, `created_at`, `updated_at`) VALUES ('91', 87, 'culpa', 76911, NULL, 2, '2009-08-16 23:01:40', '2010-10-18 11:36:32');
INSERT INTO `media` (`id`, `user_id`, `filename`, `size`, `metadata`, `media_type_id`, `created_at`, `updated_at`) VALUES ('92', 48, 'alias', 99958, NULL, 4, '1976-08-13 15:27:32', '2000-02-02 13:25:30');
INSERT INTO `media` (`id`, `user_id`, `filename`, `size`, `metadata`, `media_type_id`, `created_at`, `updated_at`) VALUES ('93', 72, 'tenetur', 38870, NULL, 1, '1981-08-16 00:28:03', '1996-03-26 23:10:36');
INSERT INTO `media` (`id`, `user_id`, `filename`, `size`, `metadata`, `media_type_id`, `created_at`, `updated_at`) VALUES ('94', 47, 'et', 58007, NULL, 2, '1975-01-11 23:28:23', '2016-11-29 00:44:42');
INSERT INTO `media` (`id`, `user_id`, `filename`, `size`, `metadata`, `media_type_id`, `created_at`, `updated_at`) VALUES ('95', 6, 'asperiores', 53077, NULL, 1, '1977-10-17 02:47:15', '2005-09-20 14:37:14');
INSERT INTO `media` (`id`, `user_id`, `filename`, `size`, `metadata`, `media_type_id`, `created_at`, `updated_at`) VALUES ('96', 80, 'aut', 72993, NULL, 5, '2003-05-20 14:11:38', '1977-11-23 11:48:41');
INSERT INTO `media` (`id`, `user_id`, `filename`, `size`, `metadata`, `media_type_id`, `created_at`, `updated_at`) VALUES ('97', 64, 'dolores', 11464, NULL, 3, '2008-07-22 19:55:26', '1991-09-27 02:47:37');
INSERT INTO `media` (`id`, `user_id`, `filename`, `size`, `metadata`, `media_type_id`, `created_at`, `updated_at`) VALUES ('98', 8, 'molestias', 77788, NULL, 2, '1996-04-03 04:53:37', '1970-05-20 20:07:12');
INSERT INTO `media` (`id`, `user_id`, `filename`, `size`, `metadata`, `media_type_id`, `created_at`, `updated_at`) VALUES ('99', 12, 'et', 20820, NULL, 5, '1987-02-08 01:31:21', '1994-06-04 10:23:13');
INSERT INTO `media` (`id`, `user_id`, `filename`, `size`, `metadata`, `media_type_id`, `created_at`, `updated_at`) VALUES ('100', 74, 'neque', 89371, NULL, 1, '1990-12-09 13:55:15', '1982-11-04 01:06:58');


INSERT INTO `messages` (`id`, `from_user_id`, `to_user_id`, `body`, `media_id`, `is_delivered`, `created_at`) VALUES ('1', 92, 63, 'Molestias amet omnis facere sed dolores architecto dolor. Dignissimos molestiae quia explicabo dolores. Quam dolorem quaerat ipsum quis corporis et a.', 21, 1, '2007-01-22 10:19:25');
INSERT INTO `messages` (`id`, `from_user_id`, `to_user_id`, `body`, `media_id`, `is_delivered`, `created_at`) VALUES ('2', 26, 28, 'Porro dicta sequi ipsa et quisquam est. Non quas deleniti eveniet eveniet. Voluptatem quae veritatis quo quis. Qui nesciunt est odio iste quaerat accusantium quasi.', 65, 1, '1991-05-31 19:15:03');
INSERT INTO `messages` (`id`, `from_user_id`, `to_user_id`, `body`, `media_id`, `is_delivered`, `created_at`) VALUES ('3', 65, 44, 'Alias aperiam quis autem eveniet labore non fuga. Velit eveniet enim quos similique voluptas. Vitae cum molestiae doloribus ipsam est.', 57, 0, '2009-03-31 13:03:08');
INSERT INTO `messages` (`id`, `from_user_id`, `to_user_id`, `body`, `media_id`, `is_delivered`, `created_at`) VALUES ('4', 74, 6, 'Ut vitae ut quis cum et sequi. Quos exercitationem voluptatem deserunt. Ut accusantium totam vel. Eos aut quia autem similique.', 94, 0, '2019-11-17 02:10:14');
INSERT INTO `messages` (`id`, `from_user_id`, `to_user_id`, `body`, `media_id`, `is_delivered`, `created_at`) VALUES ('5', 98, 22, 'Illo error qui qui rem quibusdam natus. Eos reprehenderit est blanditiis neque voluptas. Ducimus est adipisci pariatur iusto.', 24, 0, '2007-01-28 12:36:50');
INSERT INTO `messages` (`id`, `from_user_id`, `to_user_id`, `body`, `media_id`, `is_delivered`, `created_at`) VALUES ('6', 49, 4, 'Eos est in non rerum voluptatem vel iure. Cum est saepe placeat inventore aut sint. Distinctio est accusantium quia est.', 99, 0, '1991-01-08 09:28:23');
INSERT INTO `messages` (`id`, `from_user_id`, `to_user_id`, `body`, `media_id`, `is_delivered`, `created_at`) VALUES ('7', 4, 46, 'Accusamus numquam qui cum nulla cupiditate quaerat quos. Rerum fugit eum error ipsum. Provident sequi aut quia velit ab aspernatur. Magni adipisci voluptatum temporibus dolor.', 55, 1, '2001-02-15 00:20:07');
INSERT INTO `messages` (`id`, `from_user_id`, `to_user_id`, `body`, `media_id`, `is_delivered`, `created_at`) VALUES ('8', 25, 88, 'Esse voluptatem qui harum dolore quisquam qui. Id ut ipsam ipsa unde deleniti optio sed. Facilis aut perferendis nihil nemo.', 20, 0, '1998-12-27 01:32:42');
INSERT INTO `messages` (`id`, `from_user_id`, `to_user_id`, `body`, `media_id`, `is_delivered`, `created_at`) VALUES ('9', 24, 21, 'Pariatur modi rerum vero occaecati. Et cupiditate rem assumenda aliquid sapiente vel. Et similique nulla recusandae dolorum corrupti veritatis et omnis. Et minus est delectus aperiam enim.', 19, 1, '1976-09-09 02:56:44');
INSERT INTO `messages` (`id`, `from_user_id`, `to_user_id`, `body`, `media_id`, `is_delivered`, `created_at`) VALUES ('10', 95, 89, 'Recusandae velit qui ut itaque. Reprehenderit enim iste esse praesentium cupiditate aperiam. Qui consequatur ullam eum in placeat.', 62, 0, '2001-04-15 14:33:43');
INSERT INTO `messages` (`id`, `from_user_id`, `to_user_id`, `body`, `media_id`, `is_delivered`, `created_at`) VALUES ('11', 6, 69, 'Animi corporis praesentium occaecati fugit sequi. Delectus itaque reprehenderit et maxime placeat. Dolorem cum minima eius.', 6, 1, '2012-03-25 23:32:13');
INSERT INTO `messages` (`id`, `from_user_id`, `to_user_id`, `body`, `media_id`, `is_delivered`, `created_at`) VALUES ('12', 17, 5, 'Est natus perferendis ipsam sed dolor dolore. Velit eos mollitia et temporibus iste velit. Dolorum nobis eveniet veritatis quia ut blanditiis eos. Voluptatibus voluptatem et et ducimus.', 87, 1, '2008-04-02 13:41:02');
INSERT INTO `messages` (`id`, `from_user_id`, `to_user_id`, `body`, `media_id`, `is_delivered`, `created_at`) VALUES ('13', 8, 43, 'Aliquid iste eligendi eveniet accusantium esse nostrum facilis. Delectus quasi doloremque quos sapiente omnis. Sapiente perspiciatis asperiores consequatur error. Sit facilis vel mollitia ut voluptatum vitae repellat. Iusto voluptas deleniti omnis aliquam minus ut omnis.', 11, 1, '1999-08-13 13:53:36');
INSERT INTO `messages` (`id`, `from_user_id`, `to_user_id`, `body`, `media_id`, `is_delivered`, `created_at`) VALUES ('14', 53, 71, 'Quis distinctio asperiores nobis est. Eos occaecati quia blanditiis sunt magni. Dignissimos illo maxime non ab et adipisci. Id cupiditate facilis necessitatibus at debitis. Sequi quia dolores ea porro.', 17, 1, '1981-06-01 04:00:31');
INSERT INTO `messages` (`id`, `from_user_id`, `to_user_id`, `body`, `media_id`, `is_delivered`, `created_at`) VALUES ('15', 28, 80, 'Ipsum sunt dolores at voluptate vero quo. Id aliquam alias dolorem debitis quasi velit. Est magni consequuntur consequatur occaecati consequatur exercitationem.', 39, 1, '2011-09-08 15:18:38');
INSERT INTO `messages` (`id`, `from_user_id`, `to_user_id`, `body`, `media_id`, `is_delivered`, `created_at`) VALUES ('16', 30, 51, 'Ea perferendis similique nemo dolore officiis. Beatae voluptatem quia aliquam velit similique.', 55, 1, '1977-02-15 16:22:39');
INSERT INTO `messages` (`id`, `from_user_id`, `to_user_id`, `body`, `media_id`, `is_delivered`, `created_at`) VALUES ('17', 64, 8, 'Sit dicta aut aliquid et assumenda labore. Omnis laborum illum autem voluptas deserunt. Libero qui doloremque corrupti sit dolore. Autem tenetur hic voluptatem repellat et. Tempora rerum voluptatum ea occaecati odio commodi nisi.', 66, 1, '1974-12-26 12:30:12');
INSERT INTO `messages` (`id`, `from_user_id`, `to_user_id`, `body`, `media_id`, `is_delivered`, `created_at`) VALUES ('18', 90, 86, 'Occaecati sint nisi aut tenetur ducimus aut fuga. Facilis qui dolor ut. Est tempore laboriosam enim et aut id qui quod.', 83, 1, '1989-06-28 05:50:40');
INSERT INTO `messages` (`id`, `from_user_id`, `to_user_id`, `body`, `media_id`, `is_delivered`, `created_at`) VALUES ('19', 20, 30, 'Eaque assumenda animi corporis qui. Neque rerum eum minus architecto necessitatibus ipsa. Fugit totam voluptatem est et ex accusantium aliquam. Minus et repellat tempore quo accusantium totam non.', 6, 1, '1997-08-26 04:19:39');
INSERT INTO `messages` (`id`, `from_user_id`, `to_user_id`, `body`, `media_id`, `is_delivered`, `created_at`) VALUES ('20', 6, 50, 'Et quasi eum repellendus possimus. Ex neque ex sint quia. Qui quia consequatur consectetur iusto quam quo.', 10, 1, '1976-01-30 10:34:10');
INSERT INTO `messages` (`id`, `from_user_id`, `to_user_id`, `body`, `media_id`, `is_delivered`, `created_at`) VALUES ('21', 11, 57, 'Eius consequuntur consequatur nobis eos nostrum ut temporibus qui. Mollitia dolorem autem quo exercitationem repellat animi. Est qui velit aut unde.', 23, 1, '1997-12-22 00:03:39');
INSERT INTO `messages` (`id`, `from_user_id`, `to_user_id`, `body`, `media_id`, `is_delivered`, `created_at`) VALUES ('22', 42, 55, 'Voluptatem qui et assumenda rerum sint vel adipisci. Fugit voluptatem enim eos deserunt magni. Ratione molestias autem temporibus at et.', 48, 1, '2018-01-07 03:24:30');
INSERT INTO `messages` (`id`, `from_user_id`, `to_user_id`, `body`, `media_id`, `is_delivered`, `created_at`) VALUES ('23', 56, 33, 'Temporibus est sit aliquid voluptatem. Ullam vel labore optio molestias. Aspernatur cupiditate id tempore voluptas. Voluptatum ea odit quas assumenda similique aliquid aperiam.', 88, 1, '1982-04-24 12:07:21');
INSERT INTO `messages` (`id`, `from_user_id`, `to_user_id`, `body`, `media_id`, `is_delivered`, `created_at`) VALUES ('24', 22, 2, 'Sed consequatur recusandae animi sit officiis at ut. Sit exercitationem sit non laudantium. Ab sint in iure.', 90, 0, '2002-02-14 00:32:03');
INSERT INTO `messages` (`id`, `from_user_id`, `to_user_id`, `body`, `media_id`, `is_delivered`, `created_at`) VALUES ('25', 90, 86, 'Accusantium quia corrupti sint et illo provident. In est laboriosam ea perspiciatis laboriosam. Magni fugit cum cum et tempore esse voluptatem.', 57, 0, '2000-05-29 12:41:31');
INSERT INTO `messages` (`id`, `from_user_id`, `to_user_id`, `body`, `media_id`, `is_delivered`, `created_at`) VALUES ('26', 76, 88, 'Consequatur aliquid velit molestiae dolore pariatur soluta. Et quia cum velit repellendus molestiae. Ducimus nihil ut eaque rerum officia adipisci quod in. Sint esse quaerat ipsa eum nihil omnis.', 53, 0, '1978-08-07 23:46:54');
INSERT INTO `messages` (`id`, `from_user_id`, `to_user_id`, `body`, `media_id`, `is_delivered`, `created_at`) VALUES ('27', 56, 70, 'Voluptatem corrupti consectetur ex doloremque. Magni modi magnam fuga consequuntur laudantium voluptas. Sapiente consectetur nesciunt voluptatum provident distinctio eveniet.', 74, 1, '1982-04-12 14:15:25');
INSERT INTO `messages` (`id`, `from_user_id`, `to_user_id`, `body`, `media_id`, `is_delivered`, `created_at`) VALUES ('28', 19, 66, 'Dolores aut cum molestiae dolore eos. Quia ut quidem debitis autem iure. Cumque eaque pariatur sit porro.', 72, 1, '1981-07-27 17:20:35');
INSERT INTO `messages` (`id`, `from_user_id`, `to_user_id`, `body`, `media_id`, `is_delivered`, `created_at`) VALUES ('29', 13, 68, 'Similique eius et quis quidem maiores consectetur. Porro dicta doloribus atque velit explicabo reiciendis. Unde dolor soluta ea eum qui aut labore.', 2, 0, '2005-05-25 22:03:47');
INSERT INTO `messages` (`id`, `from_user_id`, `to_user_id`, `body`, `media_id`, `is_delivered`, `created_at`) VALUES ('30', 68, 18, 'Reprehenderit dolor iste fuga consequatur dolores necessitatibus nihil quia. Ipsa in rerum molestiae quo. Eum unde repellat assumenda neque.', 20, 1, '2002-01-12 18:25:05');
INSERT INTO `messages` (`id`, `from_user_id`, `to_user_id`, `body`, `media_id`, `is_delivered`, `created_at`) VALUES ('31', 3, 8, 'Voluptatem odit a ipsam ipsam consequatur. Eaque aperiam et facilis natus enim. Ipsum sit debitis aliquid.', 95, 1, '2015-04-24 10:25:40');
INSERT INTO `messages` (`id`, `from_user_id`, `to_user_id`, `body`, `media_id`, `is_delivered`, `created_at`) VALUES ('32', 53, 8, 'Est eos consequatur aut ea placeat iure perferendis. Iure nesciunt molestiae similique veritatis. Provident nam magnam id earum quaerat ut.', 95, 0, '1993-12-12 14:08:44');
INSERT INTO `messages` (`id`, `from_user_id`, `to_user_id`, `body`, `media_id`, `is_delivered`, `created_at`) VALUES ('33', 2, 70, 'Ipsum fugit aut voluptatem sapiente quidem aliquid similique. Quia velit eveniet quia ut atque consequatur natus magnam. Sunt fuga esse vero.', 60, 1, '1998-06-30 10:59:30');
INSERT INTO `messages` (`id`, `from_user_id`, `to_user_id`, `body`, `media_id`, `is_delivered`, `created_at`) VALUES ('34', 33, 79, 'Adipisci cum ea commodi ad. Reprehenderit consectetur saepe aut eum illo sint. Culpa suscipit molestiae quam ut esse doloribus. Illum provident repellendus voluptas necessitatibus sunt.', 32, 1, '2001-04-24 12:38:55');
INSERT INTO `messages` (`id`, `from_user_id`, `to_user_id`, `body`, `media_id`, `is_delivered`, `created_at`) VALUES ('35', 35, 2, 'Tempora possimus libero rerum iusto optio. Molestias non excepturi molestiae doloribus. Nihil et nesciunt aut iste qui ratione rerum.', 76, 1, '1992-11-07 16:11:24');
INSERT INTO `messages` (`id`, `from_user_id`, `to_user_id`, `body`, `media_id`, `is_delivered`, `created_at`) VALUES ('36', 14, 62, 'Veritatis sit temporibus voluptatem est eius. Occaecati ipsum qui laboriosam culpa aspernatur repudiandae omnis et. Totam quibusdam odio deleniti aliquam accusantium. Illo voluptatibus reprehenderit occaecati molestiae architecto.', 44, 1, '1973-10-08 19:00:04');
INSERT INTO `messages` (`id`, `from_user_id`, `to_user_id`, `body`, `media_id`, `is_delivered`, `created_at`) VALUES ('37', 8, 33, 'Vel qui provident sed nesciunt. Nihil alias expedita similique explicabo incidunt vero possimus. Iste ipsam ipsum et aspernatur. Est ipsam molestiae voluptate ducimus.', 30, 1, '2018-05-19 19:32:58');
INSERT INTO `messages` (`id`, `from_user_id`, `to_user_id`, `body`, `media_id`, `is_delivered`, `created_at`) VALUES ('38', 37, 59, 'Ut maiores sunt saepe delectus. Dolorem officia quaerat omnis ducimus. Optio minima at unde at et et.', 26, 0, '1978-08-11 06:30:50');
INSERT INTO `messages` (`id`, `from_user_id`, `to_user_id`, `body`, `media_id`, `is_delivered`, `created_at`) VALUES ('39', 80, 64, 'Incidunt blanditiis aliquid fugiat id sit vero ad. Consequatur libero magnam qui aperiam. Vel praesentium rerum ducimus est sed rem.', 76, 0, '1996-04-22 21:49:08');
INSERT INTO `messages` (`id`, `from_user_id`, `to_user_id`, `body`, `media_id`, `is_delivered`, `created_at`) VALUES ('40', 94, 70, 'Natus repellendus itaque et et nemo optio ullam nobis. Adipisci minima qui occaecati blanditiis sunt. Ex ex cumque est commodi.', 90, 0, '1997-04-07 17:25:11');
INSERT INTO `messages` (`id`, `from_user_id`, `to_user_id`, `body`, `media_id`, `is_delivered`, `created_at`) VALUES ('41', 32, 25, 'Commodi ut ad est iste minus sit. Quos maiores veniam amet quo et. Perspiciatis eligendi impedit eum quisquam sunt. Ea illum illum animi magnam.', 41, 0, '1973-12-18 19:32:27');
INSERT INTO `messages` (`id`, `from_user_id`, `to_user_id`, `body`, `media_id`, `is_delivered`, `created_at`) VALUES ('42', 14, 10, 'Repellendus non voluptatibus similique nihil. Quo voluptatem odio doloribus officia sit veniam perferendis. Recusandae omnis repudiandae ut quis quo ducimus est. Sed velit iste rerum laudantium.', 99, 1, '2013-05-03 22:40:27');
INSERT INTO `messages` (`id`, `from_user_id`, `to_user_id`, `body`, `media_id`, `is_delivered`, `created_at`) VALUES ('43', 98, 83, 'Aut et sint voluptas consequatur animi accusantium. Et debitis numquam eos quia est voluptas. Odit ullam eius ut iure consequatur consequatur dolorem.', 81, 0, '2006-11-01 01:30:49');
INSERT INTO `messages` (`id`, `from_user_id`, `to_user_id`, `body`, `media_id`, `is_delivered`, `created_at`) VALUES ('44', 8, 72, 'Rem atque accusantium sed eos exercitationem rerum. Suscipit enim ut consequatur magni labore. Necessitatibus et illum quis et ipsam nam.', 100, 0, '1990-02-14 20:54:58');
INSERT INTO `messages` (`id`, `from_user_id`, `to_user_id`, `body`, `media_id`, `is_delivered`, `created_at`) VALUES ('45', 81, 21, 'Minima enim necessitatibus necessitatibus explicabo aut numquam. Quis architecto minima nisi explicabo qui. Ea est eveniet exercitationem fugiat. Quasi occaecati labore vel necessitatibus.', 20, 1, '2012-01-10 23:40:31');
INSERT INTO `messages` (`id`, `from_user_id`, `to_user_id`, `body`, `media_id`, `is_delivered`, `created_at`) VALUES ('46', 3, 98, 'Reprehenderit ea et nostrum dolores. Quis asperiores earum laudantium accusantium totam sint est architecto. Veritatis dolores consequatur pariatur dignissimos autem odit. Qui dolor autem minus nobis quae possimus qui.', 18, 0, '1991-12-21 01:29:54');
INSERT INTO `messages` (`id`, `from_user_id`, `to_user_id`, `body`, `media_id`, `is_delivered`, `created_at`) VALUES ('47', 95, 76, 'Commodi officia ipsam quia mollitia necessitatibus illum incidunt. Dolores quibusdam suscipit dolores tenetur. Minus asperiores rerum reprehenderit et voluptate numquam.', 63, 1, '1979-12-18 14:03:01');
INSERT INTO `messages` (`id`, `from_user_id`, `to_user_id`, `body`, `media_id`, `is_delivered`, `created_at`) VALUES ('48', 24, 51, 'Sed officiis porro doloribus corrupti vero. Doloremque quia labore alias sit qui veritatis. Qui nisi numquam ea quibusdam similique ratione.', 40, 1, '1991-11-07 13:36:28');
INSERT INTO `messages` (`id`, `from_user_id`, `to_user_id`, `body`, `media_id`, `is_delivered`, `created_at`) VALUES ('49', 83, 76, 'Eum laudantium omnis quis ipsam excepturi reiciendis. Voluptas consequatur animi sed quos. Blanditiis et vel sed aliquam et amet vel. Sed temporibus vel ut molestiae exercitationem iure.', 23, 0, '2009-01-26 13:10:59');
INSERT INTO `messages` (`id`, `from_user_id`, `to_user_id`, `body`, `media_id`, `is_delivered`, `created_at`) VALUES ('50', 69, 10, 'Quis amet aut sit dolores. Et voluptas explicabo autem praesentium ipsum. Blanditiis suscipit porro nihil iure sint aliquam. Voluptatem sequi commodi nam optio voluptatibus ex. At quos sint iure sed.', 22, 0, '1996-05-23 15:33:17');
INSERT INTO `messages` (`id`, `from_user_id`, `to_user_id`, `body`, `media_id`, `is_delivered`, `created_at`) VALUES ('51', 79, 28, 'Ex repudiandae incidunt atque alias iste nostrum minus. Nesciunt dolore quam debitis corporis eligendi et est. Eos et animi veritatis. Molestiae maiores earum sit perferendis vel quos modi. Odio corrupti amet ipsum veniam.', 54, 1, '1995-02-14 03:02:12');
INSERT INTO `messages` (`id`, `from_user_id`, `to_user_id`, `body`, `media_id`, `is_delivered`, `created_at`) VALUES ('52', 42, 65, 'Nulla occaecati voluptas voluptas. Labore tenetur quia vitae voluptatum. Est accusamus sit autem earum et minima. A sit molestiae molestiae est dolorem sit ipsum.', 4, 1, '2019-08-13 07:47:13');
INSERT INTO `messages` (`id`, `from_user_id`, `to_user_id`, `body`, `media_id`, `is_delivered`, `created_at`) VALUES ('53', 95, 35, 'Voluptatum blanditiis ad cumque suscipit nihil non iusto. Est consectetur et aut nobis dolore. Vitae libero error sit voluptatem explicabo omnis. Ut modi expedita qui aut ipsa nostrum ratione reprehenderit. Esse harum laborum exercitationem amet voluptatem laudantium temporibus nobis.', 65, 0, '1975-09-06 11:44:11');
INSERT INTO `messages` (`id`, `from_user_id`, `to_user_id`, `body`, `media_id`, `is_delivered`, `created_at`) VALUES ('54', 1, 20, 'Repellat illo accusantium explicabo nisi quia cumque. Quae molestiae vero est vitae totam optio consequatur est. Repellendus cupiditate minus facere iure. Amet qui quidem corporis est in unde.', 56, 1, '1978-08-09 00:50:10');
INSERT INTO `messages` (`id`, `from_user_id`, `to_user_id`, `body`, `media_id`, `is_delivered`, `created_at`) VALUES ('55', 65, 7, 'Nesciunt harum ullam consequuntur ut nostrum. Consequatur id provident eveniet sunt blanditiis et velit.', 42, 1, '2020-05-03 22:43:40');
INSERT INTO `messages` (`id`, `from_user_id`, `to_user_id`, `body`, `media_id`, `is_delivered`, `created_at`) VALUES ('56', 21, 76, 'Quo tenetur non ad rem. Cum vel non culpa tenetur rerum. Ea occaecati et odit laboriosam odit inventore sed.', 65, 1, '1981-08-06 15:09:22');
INSERT INTO `messages` (`id`, `from_user_id`, `to_user_id`, `body`, `media_id`, `is_delivered`, `created_at`) VALUES ('57', 22, 76, 'Ratione repudiandae alias quibusdam dolores quam. Laboriosam nesciunt omnis dolores. Consectetur est veritatis fugiat est. In accusamus perspiciatis accusantium exercitationem unde.', 28, 1, '2020-05-03 13:15:19');
INSERT INTO `messages` (`id`, `from_user_id`, `to_user_id`, `body`, `media_id`, `is_delivered`, `created_at`) VALUES ('58', 4, 49, 'Aut maxime et voluptatum a ipsa nulla. Enim est aut quia. Pariatur occaecati adipisci harum ut qui dolorem. Fugit perspiciatis delectus harum velit sequi nostrum ut.', 72, 0, '1988-03-16 08:02:45');
INSERT INTO `messages` (`id`, `from_user_id`, `to_user_id`, `body`, `media_id`, `is_delivered`, `created_at`) VALUES ('59', 29, 15, 'Labore dolor consequatur corporis sed sunt exercitationem. Provident iste voluptas dolores voluptatem error voluptatem corrupti quo. Nostrum ipsam sequi placeat minima atque. Dolor corrupti vero quo ex vel nobis.', 65, 0, '1998-08-15 16:35:09');
INSERT INTO `messages` (`id`, `from_user_id`, `to_user_id`, `body`, `media_id`, `is_delivered`, `created_at`) VALUES ('60', 81, 82, 'Similique non et quia cum distinctio consequatur. Et repellendus sequi praesentium in. Voluptatem porro ratione voluptas dignissimos qui facilis.', 89, 1, '1980-09-21 00:31:58');
INSERT INTO `messages` (`id`, `from_user_id`, `to_user_id`, `body`, `media_id`, `is_delivered`, `created_at`) VALUES ('61', 32, 41, 'Nisi ipsum distinctio aliquam sunt nesciunt eligendi eveniet. Et iure reprehenderit cupiditate quis facere fugiat. Corrupti suscipit alias voluptatem iusto.', 53, 1, '1999-12-12 12:53:07');
INSERT INTO `messages` (`id`, `from_user_id`, `to_user_id`, `body`, `media_id`, `is_delivered`, `created_at`) VALUES ('62', 27, 36, 'Quo asperiores quibusdam totam. Qui doloribus iusto quibusdam rerum quis et sed. Voluptas ratione similique ex minima velit.', 40, 0, '2005-06-21 06:00:10');
INSERT INTO `messages` (`id`, `from_user_id`, `to_user_id`, `body`, `media_id`, `is_delivered`, `created_at`) VALUES ('63', 81, 100, 'Non totam iure possimus rerum. Iste omnis sit animi consequatur reiciendis quod inventore nobis. Consequatur voluptatibus nemo ullam tempore nisi qui. Consequatur pariatur voluptas id quia nulla.', 6, 0, '1986-02-01 07:55:32');
INSERT INTO `messages` (`id`, `from_user_id`, `to_user_id`, `body`, `media_id`, `is_delivered`, `created_at`) VALUES ('64', 35, 7, 'Minima quia temporibus consequuntur voluptate ut id quod. Qui ut tempore odio. Quos tenetur recusandae molestiae repellat minima id et sunt. Autem nisi sed harum quos quasi et.', 12, 1, '1976-10-27 10:49:54');
INSERT INTO `messages` (`id`, `from_user_id`, `to_user_id`, `body`, `media_id`, `is_delivered`, `created_at`) VALUES ('65', 62, 4, 'Tempora delectus adipisci delectus velit. Saepe illo et sit quam totam. Adipisci ipsa ipsa aut voluptas voluptas.', 60, 0, '1985-10-12 02:07:51');
INSERT INTO `messages` (`id`, `from_user_id`, `to_user_id`, `body`, `media_id`, `is_delivered`, `created_at`) VALUES ('66', 89, 34, 'Laborum perferendis voluptatibus tempore architecto et. Ipsa impedit id accusantium magnam consequatur et. Est natus ea et corporis. Blanditiis voluptas aut sed omnis laborum. Tenetur veritatis laborum voluptatem eveniet a eaque.', 35, 0, '1980-02-28 06:14:41');
INSERT INTO `messages` (`id`, `from_user_id`, `to_user_id`, `body`, `media_id`, `is_delivered`, `created_at`) VALUES ('67', 27, 96, 'Tempore voluptas odio culpa totam aut. Facere deserunt quo dignissimos earum.', 63, 1, '2016-11-08 17:24:30');
INSERT INTO `messages` (`id`, `from_user_id`, `to_user_id`, `body`, `media_id`, `is_delivered`, `created_at`) VALUES ('68', 57, 85, 'Eaque unde et perspiciatis rerum. Suscipit aliquam iste eius sed soluta omnis ut reiciendis. Sit voluptas assumenda sed labore officiis nemo recusandae tenetur. Maiores autem enim quaerat qui laudantium.', 70, 1, '1993-07-27 03:46:30');
INSERT INTO `messages` (`id`, `from_user_id`, `to_user_id`, `body`, `media_id`, `is_delivered`, `created_at`) VALUES ('69', 66, 19, 'Enim consequatur ad alias quod perspiciatis. Soluta eaque odit velit totam voluptatem hic voluptatum rerum. Rem aut dolores placeat molestiae et laborum.', 78, 0, '1994-07-07 14:00:23');
INSERT INTO `messages` (`id`, `from_user_id`, `to_user_id`, `body`, `media_id`, `is_delivered`, `created_at`) VALUES ('70', 93, 65, 'Sit reprehenderit nulla sed vero aut beatae harum. Rerum veniam deserunt qui et. Nisi odit ut officia dolorem et et. Sunt velit ad nihil itaque aut.', 59, 1, '2011-02-09 12:59:11');
INSERT INTO `messages` (`id`, `from_user_id`, `to_user_id`, `body`, `media_id`, `is_delivered`, `created_at`) VALUES ('71', 31, 89, 'Eos velit perspiciatis harum voluptas. Architecto nam expedita consequatur voluptatem atque quia. Maxime labore eius molestiae ipsum ratione. Dolorum omnis occaecati blanditiis mollitia rerum.', 91, 1, '2006-05-26 05:08:47');
INSERT INTO `messages` (`id`, `from_user_id`, `to_user_id`, `body`, `media_id`, `is_delivered`, `created_at`) VALUES ('72', 43, 46, 'Sapiente nemo mollitia harum cupiditate porro. Doloremque molestias autem repudiandae. Est dolore eum tempore sit quo maiores tempora. Vero nihil eum at voluptas eum.', 86, 0, '1975-08-20 05:46:30');
INSERT INTO `messages` (`id`, `from_user_id`, `to_user_id`, `body`, `media_id`, `is_delivered`, `created_at`) VALUES ('73', 90, 68, 'Dolorem omnis incidunt laborum esse quidem saepe sequi. Quibusdam odit sit perspiciatis et totam exercitationem. Accusamus totam totam culpa sapiente.', 42, 0, '1992-01-03 02:16:02');
INSERT INTO `messages` (`id`, `from_user_id`, `to_user_id`, `body`, `media_id`, `is_delivered`, `created_at`) VALUES ('74', 55, 40, 'Commodi facilis accusamus quis aut natus in autem. Culpa ratione harum amet nihil nesciunt quo. Voluptatem odit non veniam aut quo corporis accusantium veritatis. Voluptate dicta facilis eaque libero et.', 34, 1, '1978-07-24 00:52:28');
INSERT INTO `messages` (`id`, `from_user_id`, `to_user_id`, `body`, `media_id`, `is_delivered`, `created_at`) VALUES ('75', 15, 31, 'Dignissimos quae quia consequatur. Dolorem dolorum id natus. Accusamus sit animi sint labore quo voluptatem officiis.', 3, 0, '1976-05-22 17:32:43');
INSERT INTO `messages` (`id`, `from_user_id`, `to_user_id`, `body`, `media_id`, `is_delivered`, `created_at`) VALUES ('76', 12, 94, 'Nobis deleniti nihil perferendis non officia. Nisi ea et sint sint porro corrupti exercitationem quod. Velit quia enim non. Molestias consequatur laboriosam et sint aut fuga.', 56, 1, '2018-11-30 20:40:26');
INSERT INTO `messages` (`id`, `from_user_id`, `to_user_id`, `body`, `media_id`, `is_delivered`, `created_at`) VALUES ('77', 53, 54, 'Et veritatis expedita velit ex eos molestias. Alias omnis dolorem expedita exercitationem sit dicta. Reiciendis ut repellat aspernatur incidunt ut qui. Perferendis voluptatibus reiciendis aut quis.', 18, 1, '2010-04-29 20:25:17');
INSERT INTO `messages` (`id`, `from_user_id`, `to_user_id`, `body`, `media_id`, `is_delivered`, `created_at`) VALUES ('78', 49, 2, 'Autem occaecati et rerum corrupti sequi. Rerum quia temporibus id aperiam laboriosam. Suscipit soluta laudantium fugiat. Iusto ea rerum temporibus unde consequatur aut repellat.', 87, 0, '1998-05-21 15:02:31');
INSERT INTO `messages` (`id`, `from_user_id`, `to_user_id`, `body`, `media_id`, `is_delivered`, `created_at`) VALUES ('79', 45, 13, 'Labore impedit et corporis a eos assumenda blanditiis dolorem. Voluptas eius blanditiis delectus doloribus. Error aliquam dicta illo amet qui qui.', 85, 1, '1996-02-20 23:49:55');
INSERT INTO `messages` (`id`, `from_user_id`, `to_user_id`, `body`, `media_id`, `is_delivered`, `created_at`) VALUES ('80', 5, 40, 'Quae vitae voluptas ab consequatur et. Et magni consequuntur ea repudiandae ea quisquam ex voluptatem. Rerum placeat sint ipsum cum.', 66, 0, '1985-03-08 17:20:36');
INSERT INTO `messages` (`id`, `from_user_id`, `to_user_id`, `body`, `media_id`, `is_delivered`, `created_at`) VALUES ('81', 66, 100, 'Atque et asperiores saepe blanditiis est qui ex laborum. Omnis harum quia facere animi doloremque a. Minus sequi aut voluptas quam impedit sit. Facilis quae tempora sed unde.', 70, 1, '1979-05-09 22:27:55');
INSERT INTO `messages` (`id`, `from_user_id`, `to_user_id`, `body`, `media_id`, `is_delivered`, `created_at`) VALUES ('82', 55, 27, 'Et dolor quidem eum a. Aut vel rerum quod necessitatibus. Nulla repudiandae saepe qui et aut repellat.', 30, 1, '1993-11-06 05:24:53');
INSERT INTO `messages` (`id`, `from_user_id`, `to_user_id`, `body`, `media_id`, `is_delivered`, `created_at`) VALUES ('83', 12, 90, 'Repudiandae voluptas commodi nam tempora dolorem consequuntur quis. Hic provident aut et velit excepturi minus. Iusto ipsum est quidem excepturi similique non enim. Nam iste officiis dolore maiores distinctio consequatur tempora.', 33, 1, '1976-11-20 14:04:18');
INSERT INTO `messages` (`id`, `from_user_id`, `to_user_id`, `body`, `media_id`, `is_delivered`, `created_at`) VALUES ('84', 16, 81, 'Omnis earum sapiente laboriosam dolorum delectus a. Consequatur quia corrupti architecto sed voluptas. Quia commodi pariatur esse voluptas iusto quis. Deleniti natus itaque aspernatur ducimus laborum velit itaque.', 60, 0, '1991-12-19 02:24:14');
INSERT INTO `messages` (`id`, `from_user_id`, `to_user_id`, `body`, `media_id`, `is_delivered`, `created_at`) VALUES ('85', 4, 13, 'Mollitia porro illum eius officia nihil necessitatibus facere. Voluptatem culpa explicabo et et. Veritatis quia omnis et et ut mollitia ea. Sint reprehenderit voluptatem illo quia excepturi sequi aspernatur.', 65, 1, '2012-02-11 11:25:10');
INSERT INTO `messages` (`id`, `from_user_id`, `to_user_id`, `body`, `media_id`, `is_delivered`, `created_at`) VALUES ('86', 86, 30, 'Corrupti ut non consectetur praesentium ut. Iusto voluptatem aliquam veritatis sit. Ratione minus enim ad saepe sint officiis.', 7, 0, '1970-04-09 13:07:47');
INSERT INTO `messages` (`id`, `from_user_id`, `to_user_id`, `body`, `media_id`, `is_delivered`, `created_at`) VALUES ('87', 16, 10, 'Voluptates voluptatum beatae eum ut vel dolor. Eum quia sunt vel magni quaerat corrupti non. Quasi nesciunt delectus blanditiis ducimus consequatur saepe exercitationem. Sunt consequuntur dolor aperiam praesentium.', 22, 0, '2013-10-18 23:33:24');
INSERT INTO `messages` (`id`, `from_user_id`, `to_user_id`, `body`, `media_id`, `is_delivered`, `created_at`) VALUES ('88', 8, 34, 'Qui tenetur amet repudiandae sed. Voluptas aut atque autem quia facilis. Doloribus earum eum velit corporis fugiat.', 77, 0, '1997-11-28 05:26:37');
INSERT INTO `messages` (`id`, `from_user_id`, `to_user_id`, `body`, `media_id`, `is_delivered`, `created_at`) VALUES ('89', 40, 38, 'Minus ipsa quam sit fugit et neque. Quas et repudiandae velit laudantium. Dolor quis quam sequi illum.', 23, 1, '1978-04-21 21:31:06');
INSERT INTO `messages` (`id`, `from_user_id`, `to_user_id`, `body`, `media_id`, `is_delivered`, `created_at`) VALUES ('90', 80, 50, 'Reiciendis nostrum odit exercitationem non. Reprehenderit atque ea vel impedit totam dolorem. Ratione molestiae at eos consequuntur nihil et. Voluptate ut assumenda quas error quod modi.', 19, 1, '1981-12-17 05:35:42');
INSERT INTO `messages` (`id`, `from_user_id`, `to_user_id`, `body`, `media_id`, `is_delivered`, `created_at`) VALUES ('91', 53, 85, 'Delectus consequatur et dignissimos at culpa voluptatibus tenetur. Fugiat id voluptatem molestiae. Non officiis molestiae exercitationem accusamus mollitia et labore.', 93, 1, '2001-07-28 07:43:45');
INSERT INTO `messages` (`id`, `from_user_id`, `to_user_id`, `body`, `media_id`, `is_delivered`, `created_at`) VALUES ('92', 63, 65, 'Sunt quidem aliquam ut omnis dolor optio corporis. Velit et ullam nobis debitis autem.', 93, 1, '1990-06-29 18:54:27');
INSERT INTO `messages` (`id`, `from_user_id`, `to_user_id`, `body`, `media_id`, `is_delivered`, `created_at`) VALUES ('93', 36, 44, 'Voluptatem iure ipsam recusandae velit enim. Nihil aperiam velit illo ad repellat voluptas. Minus aperiam eum eos voluptatem. Illum repellat necessitatibus repellat quo exercitationem.', 39, 0, '1975-02-21 18:27:02');
INSERT INTO `messages` (`id`, `from_user_id`, `to_user_id`, `body`, `media_id`, `is_delivered`, `created_at`) VALUES ('94', 36, 55, 'Sit aut voluptatum rerum dolores ratione. Asperiores vel molestias sed blanditiis nobis ut velit. Et reiciendis quia ipsam fuga.', 33, 0, '1975-11-30 11:03:42');
INSERT INTO `messages` (`id`, `from_user_id`, `to_user_id`, `body`, `media_id`, `is_delivered`, `created_at`) VALUES ('95', 60, 9, 'Culpa molestias non accusamus culpa consequatur. Ut aut enim accusantium aut ad eaque et. Repudiandae quis nisi dolores harum. Hic minus non et voluptas unde voluptatem autem.', 66, 0, '2000-01-28 01:55:22');
INSERT INTO `messages` (`id`, `from_user_id`, `to_user_id`, `body`, `media_id`, `is_delivered`, `created_at`) VALUES ('96', 100, 12, 'Ducimus iure nulla error quo. Deleniti magnam quos quia est. Ut aliquid autem voluptatibus similique libero accusantium.', 12, 1, '2019-01-25 08:09:12');
INSERT INTO `messages` (`id`, `from_user_id`, `to_user_id`, `body`, `media_id`, `is_delivered`, `created_at`) VALUES ('97', 22, 11, 'Ipsa dolorem fugit dolor labore veniam quo. Perspiciatis similique et voluptas eaque neque dolores officiis. Voluptas debitis quia ab. Rem sapiente magni corrupti.', 48, 0, '2016-04-11 19:26:06');
INSERT INTO `messages` (`id`, `from_user_id`, `to_user_id`, `body`, `media_id`, `is_delivered`, `created_at`) VALUES ('98', 97, 80, 'Voluptatibus aut quis ipsam sunt in doloribus architecto. Labore fugit earum vel in sapiente velit quibusdam. Illum accusantium omnis modi quae dolores enim delectus.', 68, 1, '1992-01-21 07:17:05');
INSERT INTO `messages` (`id`, `from_user_id`, `to_user_id`, `body`, `media_id`, `is_delivered`, `created_at`) VALUES ('99', 32, 67, 'Quia facilis asperiores aut debitis. Maiores sequi cum saepe eos. Qui ratione quaerat illum in sed. Perspiciatis molestias reiciendis eveniet.', 38, 1, '2003-08-09 20:38:10');
INSERT INTO `messages` (`id`, `from_user_id`, `to_user_id`, `body`, `media_id`, `is_delivered`, `created_at`) VALUES ('100', 6, 22, 'Consequuntur rerum eos delectus. Perferendis velit et porro. Enim qui ut harum molestiae soluta nemo.', 2, 0, '2009-10-18 01:03:42');


INSERT INTO `posts` (`id`, `user_id`, `text_head`, `text_body`, `media_types_id`, `posts_media_id`, `is_public`, `views_counter`, `created_at`, `updated_at`) VALUES ('1', 40, 'Numquam doloremque beatae sapiente quis hic quaerat quaerat.', 'Voluptate eius cum aliquid aperiam rerum. Aut ratione modi sint illum temporibus laudantium fugit voluptatem. Voluptas nobis sed dolorem quia. Modi rerum quasi sunt itaque.', 1, 79, 1, 0, '1973-07-28 06:57:34', '2003-06-20 12:32:10');
INSERT INTO `posts` (`id`, `user_id`, `text_head`, `text_body`, `media_types_id`, `posts_media_id`, `is_public`, `views_counter`, `created_at`, `updated_at`) VALUES ('2', 50, 'Quis et omnis rem excepturi.', 'Rerum aut dolor id aut. Dolores blanditiis non tempore libero aut distinctio nobis et. Non aliquid reiciendis inventore ab. Est numquam nostrum qui eum distinctio.', 5, 70, 0, 7718004, '2017-07-20 10:03:35', '1982-11-07 03:27:28');
INSERT INTO `posts` (`id`, `user_id`, `text_head`, `text_body`, `media_types_id`, `posts_media_id`, `is_public`, `views_counter`, `created_at`, `updated_at`) VALUES ('3', 36, 'Blanditiis qui labore culpa.', 'Omnis non aliquam deserunt aspernatur. Voluptatem assumenda sit quia corrupti. Quis doloribus suscipit ut minus.', 1, 47, 0, 19349, '1998-08-19 19:56:36', '1993-05-29 21:07:53');
INSERT INTO `posts` (`id`, `user_id`, `text_head`, `text_body`, `media_types_id`, `posts_media_id`, `is_public`, `views_counter`, `created_at`, `updated_at`) VALUES ('4', 91, 'Culpa suscipit quidem est recusandae natus blanditiis temporibus.', 'Est aut eaque occaecati voluptas libero nesciunt. Deleniti sunt quod odio praesentium ipsa enim. Error doloremque accusamus ut minus et assumenda.', 6, 66, 1, 13271, '1984-10-07 23:50:13', '1981-07-01 19:56:14');
INSERT INTO `posts` (`id`, `user_id`, `text_head`, `text_body`, `media_types_id`, `posts_media_id`, `is_public`, `views_counter`, `created_at`, `updated_at`) VALUES ('5', 76, 'Id incidunt dicta vitae sequi est non.', 'Amet iste qui commodi odio placeat. Voluptatem mollitia eos et perspiciatis voluptatem numquam. Consequatur aspernatur asperiores ut corporis autem.', 1, 61, 0, 39746, '1982-11-08 00:18:46', '1995-04-24 07:52:15');
INSERT INTO `posts` (`id`, `user_id`, `text_head`, `text_body`, `media_types_id`, `posts_media_id`, `is_public`, `views_counter`, `created_at`, `updated_at`) VALUES ('6', 44, 'Et ut molestiae a doloribus natus placeat.', 'Molestiae quo velit ea reiciendis maiores in. Quam reiciendis sint voluptas corrupti. Voluptatem cum ratione dolor corporis ab id fuga.', 4, 45, 1, 80558259, '2006-02-20 05:09:38', '2006-06-27 17:46:10');
INSERT INTO `posts` (`id`, `user_id`, `text_head`, `text_body`, `media_types_id`, `posts_media_id`, `is_public`, `views_counter`, `created_at`, `updated_at`) VALUES ('7', 51, 'Beatae sapiente necessitatibus dolores fugit atque et.', 'Enim aut eos perspiciatis aut. Ducimus praesentium dignissimos et voluptatum suscipit est. Quibusdam ut quidem labore sed eum ut.', 4, 66, 1, 4814, '1995-04-21 13:02:00', '2016-09-20 13:00:47');
INSERT INTO `posts` (`id`, `user_id`, `text_head`, `text_body`, `media_types_id`, `posts_media_id`, `is_public`, `views_counter`, `created_at`, `updated_at`) VALUES ('8', 99, 'Culpa quo voluptatem nulla et ut.', 'Numquam consequatur excepturi debitis blanditiis. Sequi delectus quis autem quis. Sed et explicabo quis enim facere aut.', 4, 59, 1, 0, '1999-06-11 01:48:28', '2015-02-23 13:28:02');
INSERT INTO `posts` (`id`, `user_id`, `text_head`, `text_body`, `media_types_id`, `posts_media_id`, `is_public`, `views_counter`, `created_at`, `updated_at`) VALUES ('9', 97, 'Voluptatibus eveniet quibusdam eveniet et nostrum ea.', 'Soluta quos voluptate esse natus. Cum totam qui excepturi qui nam. Illum fugit perferendis modi cupiditate.', 5, 70, 1, 49833, '1974-08-31 09:13:08', '2005-01-23 10:25:30');
INSERT INTO `posts` (`id`, `user_id`, `text_head`, `text_body`, `media_types_id`, `posts_media_id`, `is_public`, `views_counter`, `created_at`, `updated_at`) VALUES ('10', 69, 'Amet recusandae est autem nam amet eum.', 'Fuga facilis odio alias provident nesciunt quasi. Unde at repudiandae earum veniam sunt. Hic aut qui deleniti temporibus esse mollitia voluptas.', 2, 41, 0, 77, '2012-11-27 22:01:00', '2010-10-19 21:08:36');
INSERT INTO `posts` (`id`, `user_id`, `text_head`, `text_body`, `media_types_id`, `posts_media_id`, `is_public`, `views_counter`, `created_at`, `updated_at`) VALUES ('11', 51, 'Nulla voluptates earum et.', 'Voluptas incidunt assumenda quas voluptas exercitationem aut amet. Sit quos facilis illo expedita earum. Dolorum ut voluptatem et voluptas quibusdam adipisci amet quo. Mollitia sunt iure velit.', 2, 62, 0, 3256304, '1990-04-22 12:35:49', '1998-02-09 17:04:38');
INSERT INTO `posts` (`id`, `user_id`, `text_head`, `text_body`, `media_types_id`, `posts_media_id`, `is_public`, `views_counter`, `created_at`, `updated_at`) VALUES ('12', 46, 'Iure autem blanditiis voluptatibus sint reiciendis cum eaque.', 'Deserunt temporibus odio sunt aut sint distinctio. Numquam excepturi nam est eum nesciunt quis omnis. Et enim in eum. Est architecto ullam deserunt non.', 6, 64, 1, 13779508, '1980-09-02 07:23:45', '2006-02-23 09:36:22');
INSERT INTO `posts` (`id`, `user_id`, `text_head`, `text_body`, `media_types_id`, `posts_media_id`, `is_public`, `views_counter`, `created_at`, `updated_at`) VALUES ('13', 9, 'Et eos consequatur molestias non nulla iste velit.', 'Commodi quam modi perferendis. Numquam culpa consequuntur optio deleniti et. Velit libero ad neque dolorem exercitationem eum consequatur. Provident illum iste enim modi.', 2, 100, 1, 942573488, '1970-12-10 17:10:39', '1980-11-07 19:30:36');
INSERT INTO `posts` (`id`, `user_id`, `text_head`, `text_body`, `media_types_id`, `posts_media_id`, `is_public`, `views_counter`, `created_at`, `updated_at`) VALUES ('14', 30, 'Laborum expedita dolore autem optio eum eum vitae.', 'Eum voluptas distinctio ipsa illum. Sint sint ratione molestias laboriosam voluptas. Unde sunt occaecati corrupti sit nisi maiores. Cumque rem enim necessitatibus quia voluptate.', 2, 99, 0, 7236358, '1990-04-01 01:49:24', '2010-11-22 23:49:04');
INSERT INTO `posts` (`id`, `user_id`, `text_head`, `text_body`, `media_types_id`, `posts_media_id`, `is_public`, `views_counter`, `created_at`, `updated_at`) VALUES ('15', 65, 'Similique aliquid tempora omnis id illum odio mollitia.', 'Aut voluptatem perspiciatis nobis eius impedit similique laborum minus. Quo sed qui aliquam aliquam harum nihil eum. Non quas asperiores magnam non. Ipsa officia error adipisci ea quas.', 5, 51, 1, 4951, '1999-12-05 08:20:20', '1990-10-26 12:30:37');
INSERT INTO `posts` (`id`, `user_id`, `text_head`, `text_body`, `media_types_id`, `posts_media_id`, `is_public`, `views_counter`, `created_at`, `updated_at`) VALUES ('16', 99, 'Doloribus quae consequuntur aut tempore et aliquid ea.', 'Ea deleniti et debitis quis consectetur suscipit sit. Provident eligendi suscipit aut facilis enim reiciendis. Dolor rerum perferendis ut aut consectetur. Voluptatem magni eius repellendus quae.', 6, 53, 0, 6, '1987-08-27 01:01:12', '1983-10-24 09:09:00');
INSERT INTO `posts` (`id`, `user_id`, `text_head`, `text_body`, `media_types_id`, `posts_media_id`, `is_public`, `views_counter`, `created_at`, `updated_at`) VALUES ('17', 74, 'Quibusdam ut nostrum molestiae temporibus.', 'Totam libero odio exercitationem. Laborum quis ut aliquam ex eveniet animi. Porro in cumque ipsum illum distinctio quo recusandae.', 3, 33, 1, 98093107, '1988-04-28 17:42:31', '1995-01-22 20:19:07');
INSERT INTO `posts` (`id`, `user_id`, `text_head`, `text_body`, `media_types_id`, `posts_media_id`, `is_public`, `views_counter`, `created_at`, `updated_at`) VALUES ('18', 95, 'Et architecto officia accusamus consequatur vel velit voluptas.', 'Animi ratione rerum dolorem qui asperiores accusantium maxime. Cumque aut reprehenderit ea. Laborum repellendus corrupti minus non quis. Suscipit quaerat debitis quos placeat tempora voluptatibus.', 4, 31, 0, 107, '1993-03-16 02:28:41', '2020-03-05 12:01:03');
INSERT INTO `posts` (`id`, `user_id`, `text_head`, `text_body`, `media_types_id`, `posts_media_id`, `is_public`, `views_counter`, `created_at`, `updated_at`) VALUES ('19', 83, 'Et placeat nesciunt et ipsam voluptatum qui.', 'Mollitia excepturi sint a placeat perspiciatis. Ullam et est officiis perferendis itaque et qui. Reprehenderit omnis voluptas vel quia. Sit quo aut quam blanditiis.', 4, 51, 0, 99246142, '1979-09-06 04:04:27', '2014-06-13 01:23:23');
INSERT INTO `posts` (`id`, `user_id`, `text_head`, `text_body`, `media_types_id`, `posts_media_id`, `is_public`, `views_counter`, `created_at`, `updated_at`) VALUES ('20', 36, 'Cumque magnam earum fugit.', 'Sequi amet aliquam esse qui temporibus aut. Ex et ut ab. Nam velit quo qui ducimus. Quos possimus minus quis dolor laudantium est.', 4, 6, 0, 738, '1984-06-24 18:31:59', '1980-08-09 12:56:09');
INSERT INTO `posts` (`id`, `user_id`, `text_head`, `text_body`, `media_types_id`, `posts_media_id`, `is_public`, `views_counter`, `created_at`, `updated_at`) VALUES ('21', 92, 'Natus officiis modi vel amet.', 'Labore ad et vitae blanditiis animi. Deleniti enim sint eum minus architecto. Optio vero placeat totam doloribus ea.', 3, 63, 1, 243, '2020-03-22 21:23:33', '1977-11-21 04:44:51');
INSERT INTO `posts` (`id`, `user_id`, `text_head`, `text_body`, `media_types_id`, `posts_media_id`, `is_public`, `views_counter`, `created_at`, `updated_at`) VALUES ('22', 36, 'Est ipsam omnis nam ut qui.', 'Voluptatem sint magnam distinctio et. Dolores dolores qui deserunt beatae. Sunt magnam nihil ut cupiditate saepe et pariatur. Delectus inventore voluptatem nihil nostrum.', 3, 70, 0, 7, '2018-10-16 04:28:36', '2009-05-02 14:57:45');
INSERT INTO `posts` (`id`, `user_id`, `text_head`, `text_body`, `media_types_id`, `posts_media_id`, `is_public`, `views_counter`, `created_at`, `updated_at`) VALUES ('23', 82, 'Perferendis corrupti asperiores velit temporibus minus molestiae eveniet.', 'Repellat dolor recusandae tempora. Temporibus quae vel totam quo et velit. Vitae est qui nostrum et pariatur voluptatem. Et et veniam nisi possimus aperiam saepe velit.', 5, 76, 1, 1, '1985-04-27 09:56:10', '1986-08-30 14:42:40');
INSERT INTO `posts` (`id`, `user_id`, `text_head`, `text_body`, `media_types_id`, `posts_media_id`, `is_public`, `views_counter`, `created_at`, `updated_at`) VALUES ('24', 2, 'Non facere excepturi et assumenda expedita recusandae nisi minima.', 'Et odit nam eos nam. Omnis optio molestiae deserunt assumenda aspernatur exercitationem. Quo et nisi qui maxime. Dolor dolorem nihil et quisquam repellat eos.', 3, 84, 1, 0, '1982-10-27 06:22:33', '2001-08-16 02:50:43');
INSERT INTO `posts` (`id`, `user_id`, `text_head`, `text_body`, `media_types_id`, `posts_media_id`, `is_public`, `views_counter`, `created_at`, `updated_at`) VALUES ('25', 46, 'Nulla sit et deleniti quia accusantium.', 'Delectus rerum voluptatem autem doloremque voluptas expedita et. Iusto et ut nihil sit facere. Sequi iure temporibus blanditiis exercitationem.', 4, 56, 0, 0, '2000-06-03 06:13:19', '2004-01-02 00:34:15');
INSERT INTO `posts` (`id`, `user_id`, `text_head`, `text_body`, `media_types_id`, `posts_media_id`, `is_public`, `views_counter`, `created_at`, `updated_at`) VALUES ('26', 71, 'Minima libero aut vel similique aspernatur.', 'Quidem ipsa soluta dolores in consequatur et quidem. Qui enim maxime qui. Qui a repellat dignissimos non minus et. Nostrum blanditiis ea vel.', 3, 53, 1, 7544, '1985-03-25 16:43:49', '1999-11-17 19:42:06');
INSERT INTO `posts` (`id`, `user_id`, `text_head`, `text_body`, `media_types_id`, `posts_media_id`, `is_public`, `views_counter`, `created_at`, `updated_at`) VALUES ('27', 54, 'Sit est quo rerum iste.', 'Earum sit sunt numquam repellendus ad. Beatae sit assumenda soluta amet rem quos neque. Dolor itaque et tenetur pariatur. Omnis et sunt earum a vitae voluptatibus.', 1, 10, 1, 574, '2007-05-13 21:07:14', '1976-08-28 15:33:47');
INSERT INTO `posts` (`id`, `user_id`, `text_head`, `text_body`, `media_types_id`, `posts_media_id`, `is_public`, `views_counter`, `created_at`, `updated_at`) VALUES ('28', 87, 'Possimus omnis omnis rerum sit consequatur culpa molestiae.', 'Qui natus dolorem sapiente enim. Nulla quia dolor sint ex. Provident non voluptatem reprehenderit nulla. Et ut dolor sed nesciunt rerum.', 2, 8, 0, 8056, '1970-01-19 21:27:04', '2020-03-12 16:00:35');
INSERT INTO `posts` (`id`, `user_id`, `text_head`, `text_body`, `media_types_id`, `posts_media_id`, `is_public`, `views_counter`, `created_at`, `updated_at`) VALUES ('29', 73, 'Accusamus velit quo recusandae tenetur id et.', 'Amet quidem sit deserunt minus ducimus fugiat libero a. Quae est et beatae laudantium nostrum consequuntur tempore. Repellat excepturi non quam consectetur. Ex sed praesentium molestias et hic saepe.', 4, 13, 0, 755650, '2007-03-13 20:15:20', '1992-12-06 06:20:22');
INSERT INTO `posts` (`id`, `user_id`, `text_head`, `text_body`, `media_types_id`, `posts_media_id`, `is_public`, `views_counter`, `created_at`, `updated_at`) VALUES ('30', 6, 'Unde aliquam nemo quidem quas earum eum ducimus voluptatem.', 'Accusantium nesciunt veniam ea doloribus et iste. Voluptas omnis ipsam assumenda. Fugiat ipsam qui voluptas pariatur vel officia quasi. Fuga sed tempore vero veritatis impedit.', 2, 45, 0, 5729, '2000-02-22 23:02:41', '1980-09-29 08:46:01');
INSERT INTO `posts` (`id`, `user_id`, `text_head`, `text_body`, `media_types_id`, `posts_media_id`, `is_public`, `views_counter`, `created_at`, `updated_at`) VALUES ('31', 89, 'Omnis possimus nam est ipsum.', 'Voluptate enim suscipit itaque sit inventore. Sunt quo dolor est nemo non atque. Repellat est repudiandae dolorem rem suscipit.', 3, 74, 1, 5241, '1989-12-21 22:12:56', '2007-12-18 18:37:52');
INSERT INTO `posts` (`id`, `user_id`, `text_head`, `text_body`, `media_types_id`, `posts_media_id`, `is_public`, `views_counter`, `created_at`, `updated_at`) VALUES ('32', 49, 'Ut expedita unde tempore odit natus totam.', 'Omnis facilis ipsum et itaque sint. Saepe qui et ut omnis ipsa soluta. Aliquid dicta labore id a quo.', 1, 23, 1, 98, '1978-08-07 14:46:57', '2005-05-06 13:07:53');
INSERT INTO `posts` (`id`, `user_id`, `text_head`, `text_body`, `media_types_id`, `posts_media_id`, `is_public`, `views_counter`, `created_at`, `updated_at`) VALUES ('33', 80, 'Accusantium maiores voluptatum doloremque sed numquam qui ea.', 'Maxime reprehenderit earum porro debitis et eveniet. Quo similique minima at debitis molestiae minus aut voluptas. Velit odit quas est.', 6, 15, 0, 347, '1995-03-28 23:48:34', '1973-09-21 00:30:37');
INSERT INTO `posts` (`id`, `user_id`, `text_head`, `text_body`, `media_types_id`, `posts_media_id`, `is_public`, `views_counter`, `created_at`, `updated_at`) VALUES ('34', 2, 'Quia reiciendis odio aut illo dignissimos tempora.', 'Aliquam at eligendi dolore excepturi est. Et alias eaque occaecati consectetur est sit et deleniti. Sed aliquid quo omnis modi quos impedit consequatur. Beatae est qui in quae.', 2, 12, 1, 229127, '1973-04-22 14:46:31', '2000-05-25 06:04:26');
INSERT INTO `posts` (`id`, `user_id`, `text_head`, `text_body`, `media_types_id`, `posts_media_id`, `is_public`, `views_counter`, `created_at`, `updated_at`) VALUES ('35', 56, 'Cupiditate veritatis fugiat excepturi sequi amet repellendus quis.', 'Ipsam nulla et corporis omnis molestiae. Vel ipsa quaerat eos et rerum. Vel sunt velit qui tempore similique perferendis vitae iusto.', 1, 82, 0, 230, '1995-12-19 00:41:54', '1992-01-18 17:37:10');
INSERT INTO `posts` (`id`, `user_id`, `text_head`, `text_body`, `media_types_id`, `posts_media_id`, `is_public`, `views_counter`, `created_at`, `updated_at`) VALUES ('36', 50, 'Aut voluptatem eligendi magnam beatae.', 'Illum ab est iste eveniet nobis. Architecto ea nam autem praesentium repudiandae expedita officiis. Quisquam maiores repudiandae quasi unde quia recusandae. Quae quasi rerum quia in porro illum.', 5, 91, 0, 3208, '1979-12-01 10:56:24', '2002-10-29 04:40:45');
INSERT INTO `posts` (`id`, `user_id`, `text_head`, `text_body`, `media_types_id`, `posts_media_id`, `is_public`, `views_counter`, `created_at`, `updated_at`) VALUES ('37', 94, 'Voluptas velit est aut sapiente.', 'Soluta illum non et ipsa aut eius. Eos et perferendis aut consectetur numquam occaecati. Quod saepe aut provident illum totam quae. Quibusdam ut est quis doloribus dolores et aperiam.', 1, 71, 0, 8831, '2014-09-18 08:41:25', '1998-01-07 18:57:12');
INSERT INTO `posts` (`id`, `user_id`, `text_head`, `text_body`, `media_types_id`, `posts_media_id`, `is_public`, `views_counter`, `created_at`, `updated_at`) VALUES ('38', 95, 'Quo et unde odio quas.', 'Est id doloribus sed expedita cupiditate quia. Sint dolores aut velit. Ratione molestiae ratione nesciunt quia aut molestiae omnis. Ut tempora distinctio voluptatem enim asperiores et.', 2, 40, 1, 56, '1975-05-14 15:02:26', '1987-06-25 16:25:41');
INSERT INTO `posts` (`id`, `user_id`, `text_head`, `text_body`, `media_types_id`, `posts_media_id`, `is_public`, `views_counter`, `created_at`, `updated_at`) VALUES ('39', 34, 'Vero nihil mollitia et est aut est tenetur.', 'Quo non qui maxime voluptatem fugit rerum fugiat. Doloremque ratione occaecati consectetur ex temporibus reprehenderit consequuntur. Enim aspernatur aut illum. Id qui ab ullam quo.', 1, 74, 0, 554286, '1985-06-24 01:20:38', '1977-01-17 07:05:40');
INSERT INTO `posts` (`id`, `user_id`, `text_head`, `text_body`, `media_types_id`, `posts_media_id`, `is_public`, `views_counter`, `created_at`, `updated_at`) VALUES ('40', 38, 'Impedit sequi reprehenderit aut debitis dolores.', 'Aut inventore molestiae sunt molestias. Sint explicabo deleniti officia dolore voluptatem. Voluptates quidem voluptatem et quia a dolor consequatur.', 2, 28, 0, 19225, '1994-03-27 13:54:04', '2003-08-27 01:15:05');
INSERT INTO `posts` (`id`, `user_id`, `text_head`, `text_body`, `media_types_id`, `posts_media_id`, `is_public`, `views_counter`, `created_at`, `updated_at`) VALUES ('41', 28, 'Quisquam assumenda qui adipisci voluptas voluptatem distinctio ipsa.', 'Ea neque incidunt voluptatibus ut. Dolores mollitia reprehenderit sed dolor delectus aliquam. Molestias maiores sed fugiat labore sit et praesentium.', 2, 15, 0, 0, '1974-02-13 10:50:39', '2005-10-21 04:53:00');
INSERT INTO `posts` (`id`, `user_id`, `text_head`, `text_body`, `media_types_id`, `posts_media_id`, `is_public`, `views_counter`, `created_at`, `updated_at`) VALUES ('42', 18, 'Est facilis quam officiis rerum iusto ut.', 'Dicta qui officiis libero rerum similique autem consequatur. Fuga laboriosam odio quo vel eum quasi a. Enim et quibusdam omnis qui corrupti et facere. Architecto amet tempore ab et sit nihil quod.', 5, 84, 1, 0, '2008-04-09 03:46:08', '1985-08-02 09:57:29');
INSERT INTO `posts` (`id`, `user_id`, `text_head`, `text_body`, `media_types_id`, `posts_media_id`, `is_public`, `views_counter`, `created_at`, `updated_at`) VALUES ('43', 53, 'Deleniti qui vero doloribus ratione odit sit.', 'Nulla ut omnis sunt dolor hic quod repudiandae. Velit nobis modi natus. Dolores sed velit omnis et ut. Voluptatem corporis iusto dolores saepe repellendus id similique officiis.', 2, 55, 0, 72537, '1985-12-04 14:34:09', '2018-02-17 18:36:54');
INSERT INTO `posts` (`id`, `user_id`, `text_head`, `text_body`, `media_types_id`, `posts_media_id`, `is_public`, `views_counter`, `created_at`, `updated_at`) VALUES ('44', 9, 'Pariatur voluptatibus nemo exercitationem perferendis aut cupiditate.', 'Qui ut et accusantium quibusdam officiis. Mollitia distinctio sunt neque eaque.', 3, 72, 1, 524, '1988-12-31 14:02:22', '2011-05-21 03:39:46');
INSERT INTO `posts` (`id`, `user_id`, `text_head`, `text_body`, `media_types_id`, `posts_media_id`, `is_public`, `views_counter`, `created_at`, `updated_at`) VALUES ('45', 59, 'Voluptatibus est officiis eaque ipsa in omnis magni distinctio.', 'Est culpa in et. Amet voluptatem iusto maiores tempore. Perferendis mollitia sit quia nihil qui.', 3, 60, 1, 9087010, '2015-03-30 17:04:08', '1974-09-03 01:46:40');
INSERT INTO `posts` (`id`, `user_id`, `text_head`, `text_body`, `media_types_id`, `posts_media_id`, `is_public`, `views_counter`, `created_at`, `updated_at`) VALUES ('46', 99, 'Odit voluptate quo non pariatur.', 'Quaerat velit nemo ipsam voluptas autem. Sit quod aut culpa est expedita qui voluptas. Et dolor accusantium et optio assumenda.', 6, 100, 0, 800464, '1979-11-27 13:39:19', '1998-10-26 12:17:19');
INSERT INTO `posts` (`id`, `user_id`, `text_head`, `text_body`, `media_types_id`, `posts_media_id`, `is_public`, `views_counter`, `created_at`, `updated_at`) VALUES ('47', 23, 'Quaerat totam ducimus est eaque nam officiis voluptatem.', 'Quae voluptatum eum dolore quia nulla. Reiciendis sint natus numquam dignissimos. Voluptate repudiandae consectetur ut provident aperiam. Vel quasi nisi recusandae aut nobis.', 5, 29, 1, 2131, '1985-09-23 16:48:09', '1993-02-11 00:26:58');
INSERT INTO `posts` (`id`, `user_id`, `text_head`, `text_body`, `media_types_id`, `posts_media_id`, `is_public`, `views_counter`, `created_at`, `updated_at`) VALUES ('48', 36, 'Et eos a occaecati placeat.', 'Tempore corporis necessitatibus eos. Amet iure animi molestias expedita. Quia ipsa est rerum repellat.', 1, 69, 0, 17220, '1972-03-07 22:26:34', '1998-07-26 06:39:17');
INSERT INTO `posts` (`id`, `user_id`, `text_head`, `text_body`, `media_types_id`, `posts_media_id`, `is_public`, `views_counter`, `created_at`, `updated_at`) VALUES ('49', 11, 'Id accusamus cupiditate ducimus qui dolorem iste est rerum.', 'Ea voluptatem placeat blanditiis velit est neque. Quia in hic illo cumque. Laborum vel qui et earum non sunt. Labore ipsa architecto et sed occaecati itaque.', 4, 88, 1, 58682182, '2019-10-06 10:19:26', '2001-10-20 00:00:12');
INSERT INTO `posts` (`id`, `user_id`, `text_head`, `text_body`, `media_types_id`, `posts_media_id`, `is_public`, `views_counter`, `created_at`, `updated_at`) VALUES ('50', 60, 'Eos occaecati consequuntur dolores enim.', 'Eveniet eaque sit et animi praesentium quibusdam quibusdam. Aut rerum molestiae pariatur soluta sunt iste. Deleniti aut aut ullam hic.', 1, 12, 0, 1015, '2007-12-13 04:35:52', '1970-04-25 04:32:49');
INSERT INTO `posts` (`id`, `user_id`, `text_head`, `text_body`, `media_types_id`, `posts_media_id`, `is_public`, `views_counter`, `created_at`, `updated_at`) VALUES ('51', 67, 'Placeat nihil possimus quo maxime quam.', 'Eaque suscipit consectetur quos. Voluptatem sequi ut nobis iste magnam id. Fugit dolor ut accusamus reprehenderit voluptas qui. Qui veritatis eum nulla velit quia sed dignissimos.', 6, 80, 1, 7717495, '1977-06-13 00:51:10', '2019-09-12 19:03:48');
INSERT INTO `posts` (`id`, `user_id`, `text_head`, `text_body`, `media_types_id`, `posts_media_id`, `is_public`, `views_counter`, `created_at`, `updated_at`) VALUES ('52', 64, 'Molestiae et ullam sit quod et illum aut.', 'Debitis voluptate distinctio explicabo quae qui. Repellendus quidem aut eveniet beatae aliquam. Et adipisci maiores eum.', 4, 42, 0, 10701135, '2012-04-11 11:52:41', '1990-07-16 15:04:27');
INSERT INTO `posts` (`id`, `user_id`, `text_head`, `text_body`, `media_types_id`, `posts_media_id`, `is_public`, `views_counter`, `created_at`, `updated_at`) VALUES ('53', 44, 'Impedit similique repellendus totam consequatur ut ea rerum explicabo.', 'Ipsum distinctio quo sint asperiores nihil. Architecto quo cupiditate libero quis perspiciatis ut nemo similique. Corporis quod vel modi quos aperiam aut rerum.', 6, 76, 0, 787756909, '1996-02-08 22:08:13', '1998-07-30 01:18:22');
INSERT INTO `posts` (`id`, `user_id`, `text_head`, `text_body`, `media_types_id`, `posts_media_id`, `is_public`, `views_counter`, `created_at`, `updated_at`) VALUES ('54', 64, 'Rerum nobis maiores rerum neque deserunt qui est dignissimos.', 'Vel voluptate voluptatem quidem assumenda. Aut cumque soluta illum sit sed inventore alias adipisci. Dolore rerum et placeat non ut.', 4, 47, 1, 34936887, '1994-09-19 13:24:58', '1995-06-03 11:03:44');
INSERT INTO `posts` (`id`, `user_id`, `text_head`, `text_body`, `media_types_id`, `posts_media_id`, `is_public`, `views_counter`, `created_at`, `updated_at`) VALUES ('55', 82, 'Perferendis dolorem iusto soluta magnam atque est.', 'Architecto nulla earum sit voluptas amet. Consequatur sed quis sed a quis deserunt. Ut officiis ab nisi sed. Dignissimos quae totam veniam ea explicabo quisquam quasi.', 4, 59, 1, 22729230, '1982-01-18 18:14:10', '1987-02-14 00:19:56');
INSERT INTO `posts` (`id`, `user_id`, `text_head`, `text_body`, `media_types_id`, `posts_media_id`, `is_public`, `views_counter`, `created_at`, `updated_at`) VALUES ('56', 31, 'Ea voluptatem quos quasi voluptatibus accusantium.', 'Repudiandae dolor rem aut aliquid. Ut et dolor saepe aperiam ut fugiat amet sapiente. Dignissimos minima eos quisquam. Doloribus necessitatibus distinctio perspiciatis sint aut deserunt.', 3, 31, 0, 79272198, '1975-08-27 06:27:03', '1982-07-31 21:58:55');
INSERT INTO `posts` (`id`, `user_id`, `text_head`, `text_body`, `media_types_id`, `posts_media_id`, `is_public`, `views_counter`, `created_at`, `updated_at`) VALUES ('57', 30, 'Harum eaque aut fugit consequatur laudantium.', 'Doloribus incidunt cupiditate est consequatur id. Quaerat dignissimos at enim. Nisi repudiandae quod sint.', 4, 9, 1, 4468, '2003-07-01 21:43:49', '1999-09-23 12:45:39');
INSERT INTO `posts` (`id`, `user_id`, `text_head`, `text_body`, `media_types_id`, `posts_media_id`, `is_public`, `views_counter`, `created_at`, `updated_at`) VALUES ('58', 51, 'Eos harum ut quasi accusamus non sit incidunt.', 'Porro saepe ipsa dolor harum est. Placeat dolorem aliquid sunt ab ipsam. Quia necessitatibus commodi ipsam aut non est.', 4, 71, 1, 3763, '2014-10-26 01:16:47', '2010-10-04 05:58:09');
INSERT INTO `posts` (`id`, `user_id`, `text_head`, `text_body`, `media_types_id`, `posts_media_id`, `is_public`, `views_counter`, `created_at`, `updated_at`) VALUES ('59', 12, 'In officiis autem perferendis.', 'Aut est delectus ratione amet excepturi et in. Quis rerum vitae atque. Soluta beatae sed eum et nulla et.', 1, 34, 0, 75802, '2009-01-04 03:18:05', '1972-09-25 00:33:28');
INSERT INTO `posts` (`id`, `user_id`, `text_head`, `text_body`, `media_types_id`, `posts_media_id`, `is_public`, `views_counter`, `created_at`, `updated_at`) VALUES ('60', 31, 'Id enim et ut repellendus sint voluptatem distinctio.', 'Quod praesentium ratione quaerat vitae. Totam officiis ut dignissimos mollitia id veritatis sed corporis. Est veritatis repudiandae sit voluptas repudiandae non ab.', 2, 98, 1, 5603967, '2012-10-10 15:59:10', '2011-12-27 19:57:50');
INSERT INTO `posts` (`id`, `user_id`, `text_head`, `text_body`, `media_types_id`, `posts_media_id`, `is_public`, `views_counter`, `created_at`, `updated_at`) VALUES ('61', 72, 'Et modi et sed accusamus iure non.', 'Reiciendis dignissimos vel assumenda quidem quidem autem. Autem in enim explicabo in doloribus porro odit. Quos et et ut quia est at laboriosam. Et voluptates officia molestiae.', 1, 65, 0, 7, '2004-10-25 06:16:56', '1972-01-18 01:59:48');
INSERT INTO `posts` (`id`, `user_id`, `text_head`, `text_body`, `media_types_id`, `posts_media_id`, `is_public`, `views_counter`, `created_at`, `updated_at`) VALUES ('62', 66, 'At molestiae nostrum omnis ut aut architecto tempore quia.', 'Maiores laudantium quasi accusamus. Quas non optio itaque nam ipsum cumque rerum ut.\nTotam iure rerum rerum maiores. Ullam ullam quam non. Ea eum totam blanditiis.', 1, 24, 0, 1627, '1986-07-22 16:52:53', '2003-10-09 10:04:02');
INSERT INTO `posts` (`id`, `user_id`, `text_head`, `text_body`, `media_types_id`, `posts_media_id`, `is_public`, `views_counter`, `created_at`, `updated_at`) VALUES ('63', 92, 'Ipsa similique aut quasi officia quod ad.', 'Tempora nesciunt cupiditate qui aut quod et dolor. Sint at delectus nesciunt voluptas. Reiciendis pariatur dolor odit sed reiciendis.', 4, 21, 0, 644159543, '1991-09-14 22:41:23', '2000-08-15 23:37:41');
INSERT INTO `posts` (`id`, `user_id`, `text_head`, `text_body`, `media_types_id`, `posts_media_id`, `is_public`, `views_counter`, `created_at`, `updated_at`) VALUES ('64', 53, 'Voluptas omnis autem cumque sunt quia.', 'Inventore enim ad qui eos laboriosam consequatur sit vel. Fugiat nostrum maiores cumque sit alias necessitatibus.', 2, 62, 1, 715451, '2014-11-06 11:24:21', '1995-07-31 08:27:06');
INSERT INTO `posts` (`id`, `user_id`, `text_head`, `text_body`, `media_types_id`, `posts_media_id`, `is_public`, `views_counter`, `created_at`, `updated_at`) VALUES ('65', 9, 'Ipsam quia nulla ab totam nesciunt.', 'Impedit quos veritatis non accusamus. Quos modi omnis autem. Sit corporis vero est aut quia et illum veniam.', 2, 88, 1, 844, '1986-09-08 17:46:40', '1975-04-08 02:20:54');
INSERT INTO `posts` (`id`, `user_id`, `text_head`, `text_body`, `media_types_id`, `posts_media_id`, `is_public`, `views_counter`, `created_at`, `updated_at`) VALUES ('66', 11, 'Voluptas reiciendis beatae neque cum.', 'Consequatur sunt autem omnis est deserunt. Laudantium doloremque veniam dolor et et. Minus aut enim voluptates rerum qui consequatur ex.', 2, 37, 1, 5537, '2000-12-04 04:57:55', '2010-11-30 09:18:15');
INSERT INTO `posts` (`id`, `user_id`, `text_head`, `text_body`, `media_types_id`, `posts_media_id`, `is_public`, `views_counter`, `created_at`, `updated_at`) VALUES ('67', 54, 'Rerum expedita vel iste sit quisquam mollitia.', 'Quis unde tempora quis a odio qui commodi iure. Exercitationem incidunt cum labore distinctio non sunt aliquid. Quia et iusto sunt non nihil inventore nam.', 6, 30, 1, 98, '1977-05-18 13:26:10', '1992-04-07 17:56:31');
INSERT INTO `posts` (`id`, `user_id`, `text_head`, `text_body`, `media_types_id`, `posts_media_id`, `is_public`, `views_counter`, `created_at`, `updated_at`) VALUES ('68', 68, 'Dignissimos nihil quas voluptatum voluptatem.', 'Pariatur ut libero corrupti nemo iure et odio. Autem non animi qui corrupti incidunt quis sit odio. Quos delectus nemo neque voluptas.', 5, 22, 0, 4616010, '2011-07-30 05:01:06', '2016-03-18 01:01:07');
INSERT INTO `posts` (`id`, `user_id`, `text_head`, `text_body`, `media_types_id`, `posts_media_id`, `is_public`, `views_counter`, `created_at`, `updated_at`) VALUES ('69', 2, 'Repellat dolorem molestiae accusantium facere provident.', 'Veritatis aut neque vitae aperiam. Et ex quis et quia sit iure.', 1, 50, 1, 66, '2005-08-26 19:57:14', '2005-07-18 18:52:10');
INSERT INTO `posts` (`id`, `user_id`, `text_head`, `text_body`, `media_types_id`, `posts_media_id`, `is_public`, `views_counter`, `created_at`, `updated_at`) VALUES ('70', 69, 'Dolores consequatur autem excepturi deleniti inventore et.', 'Omnis consequatur facere adipisci ullam magni. Quia placeat et ad aut adipisci expedita dolor. Rem sapiente fugiat laboriosam earum. Tempora sint voluptatem sint hic.', 4, 18, 1, 7845, '1996-01-09 11:33:55', '1990-10-23 12:14:22');
INSERT INTO `posts` (`id`, `user_id`, `text_head`, `text_body`, `media_types_id`, `posts_media_id`, `is_public`, `views_counter`, `created_at`, `updated_at`) VALUES ('71', 46, 'Dolorem aut id velit consequatur voluptatem ut.', 'Nihil qui qui velit nihil sunt ea. Sint cumque rerum sequi natus. Qui deleniti voluptas error beatae.', 4, 98, 1, 187028405, '1999-10-19 04:29:35', '1994-12-02 06:44:00');
INSERT INTO `posts` (`id`, `user_id`, `text_head`, `text_body`, `media_types_id`, `posts_media_id`, `is_public`, `views_counter`, `created_at`, `updated_at`) VALUES ('72', 95, 'Libero iste quidem odit omnis aut officia saepe sit.', 'Reiciendis earum laboriosam ipsum ipsa et quia. Voluptates incidunt quo rem soluta. Et omnis praesentium pariatur nihil facere. Quidem non quia dignissimos nisi perferendis aperiam a numquam.', 1, 10, 1, 6576, '2007-01-04 16:12:45', '2009-08-19 04:55:54');
INSERT INTO `posts` (`id`, `user_id`, `text_head`, `text_body`, `media_types_id`, `posts_media_id`, `is_public`, `views_counter`, `created_at`, `updated_at`) VALUES ('73', 8, 'Non reiciendis et earum ex quos molestiae quo.', 'Est aut reprehenderit laudantium non suscipit. Assumenda voluptates cumque tempora non. Cum ut optio corporis itaque quisquam. Aperiam accusamus dignissimos sapiente aut sed.', 2, 99, 1, 0, '1997-03-05 15:20:16', '1977-05-03 13:06:29');
INSERT INTO `posts` (`id`, `user_id`, `text_head`, `text_body`, `media_types_id`, `posts_media_id`, `is_public`, `views_counter`, `created_at`, `updated_at`) VALUES ('74', 51, 'Cupiditate aut deleniti omnis dolorum nam in blanditiis.', 'Ullam aspernatur vero veniam qui est. Nemo dolorum nemo et autem illo. Ut quo qui et at. Voluptatem aut reiciendis deserunt cupiditate praesentium hic.', 6, 56, 1, 690134197, '2013-05-25 07:48:50', '2017-06-05 03:30:11');
INSERT INTO `posts` (`id`, `user_id`, `text_head`, `text_body`, `media_types_id`, `posts_media_id`, `is_public`, `views_counter`, `created_at`, `updated_at`) VALUES ('75', 85, 'Omnis esse nam aliquam eligendi sapiente quo quo.', 'Illo ducimus dignissimos consequuntur. Aut ad a omnis. Sit praesentium temporibus iusto ratione necessitatibus.\nVoluptate explicabo similique quasi fugit qui. Perferendis ut asperiores dolorem aut.', 5, 97, 1, 3738874, '2008-10-30 14:24:54', '1999-10-13 18:54:54');
INSERT INTO `posts` (`id`, `user_id`, `text_head`, `text_body`, `media_types_id`, `posts_media_id`, `is_public`, `views_counter`, `created_at`, `updated_at`) VALUES ('76', 39, 'Rem ut rerum iste molestiae.', 'Vitae accusantium ex voluptas. Aspernatur at sed eveniet totam quos illum. Nobis et quibusdam reprehenderit sint.', 6, 97, 1, 402630, '2000-06-22 07:10:29', '1975-03-01 09:31:23');
INSERT INTO `posts` (`id`, `user_id`, `text_head`, `text_body`, `media_types_id`, `posts_media_id`, `is_public`, `views_counter`, `created_at`, `updated_at`) VALUES ('77', 21, 'Animi nobis ad modi et omnis nisi velit.', 'Et laborum laudantium minus. Nemo velit maiores alias alias omnis ut voluptatem. Soluta quo sunt sint occaecati facere officia eum nihil. Velit accusantium et non incidunt nulla rerum aliquam.', 6, 55, 0, 6383116, '2010-12-12 15:18:39', '1970-07-15 09:13:40');
INSERT INTO `posts` (`id`, `user_id`, `text_head`, `text_body`, `media_types_id`, `posts_media_id`, `is_public`, `views_counter`, `created_at`, `updated_at`) VALUES ('78', 41, 'Tenetur libero molestias tenetur est voluptatem quis tempora.', 'Non et facere eaque a. Qui facere perspiciatis commodi doloremque dolorum ducimus explicabo. Quod a consequuntur illo ipsum dolorem fuga. Doloribus omnis deleniti blanditiis sed.', 4, 7, 0, 606432, '1973-04-10 14:59:04', '1976-02-13 13:41:58');
INSERT INTO `posts` (`id`, `user_id`, `text_head`, `text_body`, `media_types_id`, `posts_media_id`, `is_public`, `views_counter`, `created_at`, `updated_at`) VALUES ('79', 13, 'Sint at fugit dolor.', 'Ut temporibus est modi et. Molestias sit nam voluptatibus eligendi totam sequi iure. Quia eligendi modi occaecati similique est.', 2, 64, 0, 32, '1970-02-11 22:24:10', '1976-07-19 07:40:36');
INSERT INTO `posts` (`id`, `user_id`, `text_head`, `text_body`, `media_types_id`, `posts_media_id`, `is_public`, `views_counter`, `created_at`, `updated_at`) VALUES ('80', 73, 'Unde in repudiandae quia dolores.', 'Provident consequatur consequatur in. Ab repudiandae voluptatum consequatur minima. Quibusdam laudantium totam consequatur et pariatur.', 5, 81, 1, 0, '1974-09-24 02:21:28', '1991-09-21 09:55:14');
INSERT INTO `posts` (`id`, `user_id`, `text_head`, `text_body`, `media_types_id`, `posts_media_id`, `is_public`, `views_counter`, `created_at`, `updated_at`) VALUES ('81', 15, 'Similique alias molestias nostrum molestiae nobis aut.', 'Corrupti quo nam enim nisi iusto cum. Ipsam magni asperiores tempore. Sunt placeat voluptas odio voluptas.', 5, 28, 1, 59163832, '2002-04-04 22:12:42', '2014-04-17 07:52:27');
INSERT INTO `posts` (`id`, `user_id`, `text_head`, `text_body`, `media_types_id`, `posts_media_id`, `is_public`, `views_counter`, `created_at`, `updated_at`) VALUES ('82', 88, 'Facilis laboriosam vel voluptatibus sequi dolorem non excepturi.', 'Debitis qui aut dicta voluptatem. Vero accusamus aliquid ut officia tempore. Distinctio officia fugiat et possimus odio odio suscipit modi.', 1, 3, 1, 8268, '1995-06-28 18:36:21', '2012-11-21 23:08:21');
INSERT INTO `posts` (`id`, `user_id`, `text_head`, `text_body`, `media_types_id`, `posts_media_id`, `is_public`, `views_counter`, `created_at`, `updated_at`) VALUES ('83', 54, 'Architecto eum repellat tempore consequuntur officiis nihil qui.', 'Laudantium ipsum dolor nesciunt repellat. Ab rem voluptatem nihil eveniet omnis velit. Accusamus et unde dolor nesciunt ipsa maiores libero aspernatur. Nisi quia consequatur mollitia quod fugiat.', 5, 31, 0, 69930893, '1984-06-28 06:17:47', '1991-06-21 13:29:58');
INSERT INTO `posts` (`id`, `user_id`, `text_head`, `text_body`, `media_types_id`, `posts_media_id`, `is_public`, `views_counter`, `created_at`, `updated_at`) VALUES ('84', 68, 'Odit quia id dolores.', 'Id placeat quam doloremque id. Commodi dolorum expedita eos aut est. Culpa tenetur velit quisquam possimus vel repellat recusandae.', 2, 23, 0, 26343, '1993-08-15 04:19:50', '2019-12-05 12:32:54');
INSERT INTO `posts` (`id`, `user_id`, `text_head`, `text_body`, `media_types_id`, `posts_media_id`, `is_public`, `views_counter`, `created_at`, `updated_at`) VALUES ('85', 82, 'Dignissimos et quasi et ducimus neque et.', 'Dolor quia tempore commodi molestiae. Aperiam doloribus dignissimos excepturi est consequatur blanditiis. Numquam nobis tenetur repudiandae quibusdam tenetur.', 6, 65, 1, 2, '1973-04-25 03:45:57', '2007-05-17 15:35:07');
INSERT INTO `posts` (`id`, `user_id`, `text_head`, `text_body`, `media_types_id`, `posts_media_id`, `is_public`, `views_counter`, `created_at`, `updated_at`) VALUES ('86', 43, 'Iure sunt sed mollitia quasi soluta minima.', 'Fuga voluptas recusandae vitae eius explicabo aspernatur. Ex veritatis quaerat laboriosam veniam hic nostrum ut nihil. Repellat maxime a animi tenetur dolorem.', 1, 69, 0, 2594, '1985-03-30 18:51:37', '2003-08-19 03:09:54');
INSERT INTO `posts` (`id`, `user_id`, `text_head`, `text_body`, `media_types_id`, `posts_media_id`, `is_public`, `views_counter`, `created_at`, `updated_at`) VALUES ('87', 11, 'Aut aut itaque quos illum perferendis.', 'Consequatur nemo et nulla quo eum. Aspernatur aut voluptas adipisci porro corrupti.', 6, 20, 1, 6, '1999-09-02 09:07:12', '1976-04-02 05:56:46');
INSERT INTO `posts` (`id`, `user_id`, `text_head`, `text_body`, `media_types_id`, `posts_media_id`, `is_public`, `views_counter`, `created_at`, `updated_at`) VALUES ('88', 66, 'Sequi quasi enim labore natus.', 'Consequuntur commodi neque quis exercitationem dicta qui. Voluptatem et ipsum asperiores est optio sapiente corporis. Quo odit temporibus accusamus quidem ullam.', 1, 43, 1, 5408, '2006-10-05 16:10:30', '1982-01-14 22:49:01');
INSERT INTO `posts` (`id`, `user_id`, `text_head`, `text_body`, `media_types_id`, `posts_media_id`, `is_public`, `views_counter`, `created_at`, `updated_at`) VALUES ('89', 11, 'Facilis dolore voluptas quia rem.', 'Dolorem est omnis amet reiciendis doloremque eligendi corporis. Est sapiente commodi molestiae aliquam.', 6, 27, 0, 533415, '2009-07-07 07:03:42', '1975-06-26 12:07:03');
INSERT INTO `posts` (`id`, `user_id`, `text_head`, `text_body`, `media_types_id`, `posts_media_id`, `is_public`, `views_counter`, `created_at`, `updated_at`) VALUES ('90', 28, 'Delectus est eaque ipsa rerum excepturi pariatur minus.', 'Sit occaecati nihil ullam hic rerum possimus earum. Perspiciatis optio quisquam ipsa assumenda neque nihil. Quod et alias quia corrupti suscipit eveniet.', 4, 52, 1, 0, '2013-11-26 12:34:19', '1987-01-04 22:26:56');
INSERT INTO `posts` (`id`, `user_id`, `text_head`, `text_body`, `media_types_id`, `posts_media_id`, `is_public`, `views_counter`, `created_at`, `updated_at`) VALUES ('91', 35, 'Sit maiores eaque iste qui.', 'Enim vel aut at quia animi. Quisquam pariatur sequi enim quis deleniti fugit qui. Consectetur qui veritatis fugit et unde molestias nemo. Iste pariatur et rem ut.', 6, 14, 0, 71, '2017-07-28 23:19:26', '1984-03-21 04:22:26');
INSERT INTO `posts` (`id`, `user_id`, `text_head`, `text_body`, `media_types_id`, `posts_media_id`, `is_public`, `views_counter`, `created_at`, `updated_at`) VALUES ('92', 90, 'Saepe et omnis et a excepturi maiores iure in.', 'Quaerat quis quam in animi expedita laboriosam ex. Eos omnis est at iste. Asperiores consectetur deserunt aut laborum.', 3, 31, 0, 838, '2013-10-10 09:22:52', '2004-04-24 01:09:41');
INSERT INTO `posts` (`id`, `user_id`, `text_head`, `text_body`, `media_types_id`, `posts_media_id`, `is_public`, `views_counter`, `created_at`, `updated_at`) VALUES ('93', 100, 'Veritatis illo placeat voluptatem molestiae qui.', 'Possimus adipisci asperiores debitis. Repudiandae voluptates et culpa eum modi deserunt quasi quia. Adipisci et aspernatur voluptas minima consectetur vitae. Omnis repudiandae ut voluptas dolorem ut.', 6, 28, 0, 3, '2004-08-22 17:50:51', '1988-02-08 19:54:07');
INSERT INTO `posts` (`id`, `user_id`, `text_head`, `text_body`, `media_types_id`, `posts_media_id`, `is_public`, `views_counter`, `created_at`, `updated_at`) VALUES ('94', 36, 'Quisquam neque voluptatibus omnis nulla.', 'Qui laborum error ipsa delectus hic. Itaque quos soluta est aut. Modi dolorum est at reprehenderit aliquid sunt repellat qui.', 6, 5, 1, 0, '2010-10-03 21:52:05', '1997-09-04 14:27:38');
INSERT INTO `posts` (`id`, `user_id`, `text_head`, `text_body`, `media_types_id`, `posts_media_id`, `is_public`, `views_counter`, `created_at`, `updated_at`) VALUES ('95', 71, 'Voluptas tenetur mollitia praesentium quo vitae esse excepturi magni.', 'Voluptas quos dolorem aut dicta. Non ab sequi rerum. Cum dolor debitis deserunt nihil id. Ut voluptatibus ut consequuntur quia maiores.', 2, 84, 1, 768312, '2004-10-28 07:23:09', '1976-02-25 20:42:27');
INSERT INTO `posts` (`id`, `user_id`, `text_head`, `text_body`, `media_types_id`, `posts_media_id`, `is_public`, `views_counter`, `created_at`, `updated_at`) VALUES ('96', 95, 'Totam totam cupiditate sed aut harum.', 'Asperiores magni ratione eligendi. Dolorem sit tenetur quas ipsa delectus. Et et natus eaque nostrum.', 3, 58, 0, 0, '1986-10-14 15:48:14', '1976-07-14 20:59:48');
INSERT INTO `posts` (`id`, `user_id`, `text_head`, `text_body`, `media_types_id`, `posts_media_id`, `is_public`, `views_counter`, `created_at`, `updated_at`) VALUES ('97', 91, 'Aliquid iste laborum perferendis.', 'Deserunt dolores est totam nobis eveniet. Eum fuga eveniet doloribus dignissimos aut beatae omnis. Veritatis qui recusandae aut molestiae voluptatem reiciendis nam.', 6, 1, 0, 6432, '2019-08-30 10:32:31', '1976-08-21 15:41:13');
INSERT INTO `posts` (`id`, `user_id`, `text_head`, `text_body`, `media_types_id`, `posts_media_id`, `is_public`, `views_counter`, `created_at`, `updated_at`) VALUES ('98', 16, 'Molestias accusantium ad ut eum doloremque dicta ut.', 'Illo temporibus praesentium quidem quibusdam maxime. Aut tenetur adipisci nostrum sed. Qui consequatur et modi ea doloremque beatae. Cumque numquam vel et omnis non.', 5, 94, 1, 3, '1975-03-08 04:10:19', '2004-08-01 11:52:18');
INSERT INTO `posts` (`id`, `user_id`, `text_head`, `text_body`, `media_types_id`, `posts_media_id`, `is_public`, `views_counter`, `created_at`, `updated_at`) VALUES ('99', 23, 'Et repellat tempore eligendi nihil velit eveniet.', 'Vel sint praesentium et quis voluptas. Dolor excepturi sed eius molestias nihil. Error architecto et pariatur sed.', 5, 29, 0, 5, '1976-07-19 04:12:21', '2003-08-31 12:01:10');
INSERT INTO `posts` (`id`, `user_id`, `text_head`, `text_body`, `media_types_id`, `posts_media_id`, `is_public`, `views_counter`, `created_at`, `updated_at`) VALUES ('100', 100, 'Nisi perspiciatis vel hic.', 'Asperiores soluta provident unde molestiae distinctio saepe. Fuga fugit iste in voluptas. Voluptatem aut impedit in doloremque.', 5, 55, 1, 3104, '1974-05-09 17:50:15', '2010-02-09 15:22:37');


INSERT INTO `posts_media` (`post_id`, `media_id`, `created_at`, `updated_at`) VALUES (1, 1, '1971-03-13 23:39:12', '1990-09-21 01:45:09');
INSERT INTO `posts_media` (`post_id`, `media_id`, `created_at`, `updated_at`) VALUES (4, 34, '2019-11-16 01:24:39', '2018-05-01 08:04:18');
INSERT INTO `posts_media` (`post_id`, `media_id`, `created_at`, `updated_at`) VALUES (4, 46, '2006-09-29 09:18:55', '1995-06-08 16:19:31');
INSERT INTO `posts_media` (`post_id`, `media_id`, `created_at`, `updated_at`) VALUES (5, 13, '2005-05-23 16:00:02', '1974-08-13 07:12:27');
INSERT INTO `posts_media` (`post_id`, `media_id`, `created_at`, `updated_at`) VALUES (5, 28, '1972-11-13 08:31:26', '2000-01-17 01:22:49');
INSERT INTO `posts_media` (`post_id`, `media_id`, `created_at`, `updated_at`) VALUES (6, 16, '1984-12-05 19:43:49', '1972-03-04 03:48:40');
INSERT INTO `posts_media` (`post_id`, `media_id`, `created_at`, `updated_at`) VALUES (10, 22, '1982-04-13 06:21:05', '1998-05-21 22:00:45');
INSERT INTO `posts_media` (`post_id`, `media_id`, `created_at`, `updated_at`) VALUES (10, 30, '2009-12-05 06:49:58', '1996-08-04 00:31:36');
INSERT INTO `posts_media` (`post_id`, `media_id`, `created_at`, `updated_at`) VALUES (11, 54, '1980-12-01 23:32:46', '1974-11-30 19:24:49');
INSERT INTO `posts_media` (`post_id`, `media_id`, `created_at`, `updated_at`) VALUES (11, 80, '1975-06-17 20:08:25', '2004-07-01 10:18:38');
INSERT INTO `posts_media` (`post_id`, `media_id`, `created_at`, `updated_at`) VALUES (11, 89, '1987-06-22 03:06:12', '1992-05-19 01:40:55');
INSERT INTO `posts_media` (`post_id`, `media_id`, `created_at`, `updated_at`) VALUES (12, 31, '2003-05-01 10:18:49', '1990-03-23 17:52:58');
INSERT INTO `posts_media` (`post_id`, `media_id`, `created_at`, `updated_at`) VALUES (12, 54, '1977-04-06 15:51:13', '2016-12-09 18:27:55');
INSERT INTO `posts_media` (`post_id`, `media_id`, `created_at`, `updated_at`) VALUES (13, 56, '1974-03-13 18:44:23', '1978-03-07 05:22:53');
INSERT INTO `posts_media` (`post_id`, `media_id`, `created_at`, `updated_at`) VALUES (14, 9, '2002-11-13 03:22:28', '1999-04-19 14:55:19');
INSERT INTO `posts_media` (`post_id`, `media_id`, `created_at`, `updated_at`) VALUES (16, 13, '2017-06-27 02:56:58', '2002-05-29 07:33:11');
INSERT INTO `posts_media` (`post_id`, `media_id`, `created_at`, `updated_at`) VALUES (16, 52, '1987-09-28 17:19:09', '2016-03-06 17:25:00');
INSERT INTO `posts_media` (`post_id`, `media_id`, `created_at`, `updated_at`) VALUES (20, 33, '1984-09-02 08:49:59', '1988-11-22 08:59:57');
INSERT INTO `posts_media` (`post_id`, `media_id`, `created_at`, `updated_at`) VALUES (20, 66, '1985-01-26 05:15:37', '1981-09-08 03:47:02');
INSERT INTO `posts_media` (`post_id`, `media_id`, `created_at`, `updated_at`) VALUES (21, 33, '1976-12-28 08:25:34', '1999-08-23 02:34:52');
INSERT INTO `posts_media` (`post_id`, `media_id`, `created_at`, `updated_at`) VALUES (24, 8, '2017-06-24 07:54:46', '2014-04-20 06:31:58');
INSERT INTO `posts_media` (`post_id`, `media_id`, `created_at`, `updated_at`) VALUES (24, 44, '1992-05-20 01:09:04', '2009-07-21 13:49:56');
INSERT INTO `posts_media` (`post_id`, `media_id`, `created_at`, `updated_at`) VALUES (25, 74, '2004-09-17 15:53:40', '1973-08-22 06:28:18');
INSERT INTO `posts_media` (`post_id`, `media_id`, `created_at`, `updated_at`) VALUES (27, 87, '1993-12-05 17:29:49', '1973-05-05 17:53:10');
INSERT INTO `posts_media` (`post_id`, `media_id`, `created_at`, `updated_at`) VALUES (28, 13, '2012-03-19 05:36:56', '1981-08-15 07:31:56');
INSERT INTO `posts_media` (`post_id`, `media_id`, `created_at`, `updated_at`) VALUES (30, 5, '1979-05-31 22:11:17', '2015-09-22 22:47:01');
INSERT INTO `posts_media` (`post_id`, `media_id`, `created_at`, `updated_at`) VALUES (30, 50, '1979-11-12 16:58:15', '1981-05-16 00:27:48');
INSERT INTO `posts_media` (`post_id`, `media_id`, `created_at`, `updated_at`) VALUES (31, 44, '2018-09-09 09:38:23', '2018-01-26 22:28:31');
INSERT INTO `posts_media` (`post_id`, `media_id`, `created_at`, `updated_at`) VALUES (31, 53, '2007-01-04 16:01:48', '1976-05-11 04:59:07');
INSERT INTO `posts_media` (`post_id`, `media_id`, `created_at`, `updated_at`) VALUES (32, 93, '1976-10-25 14:39:04', '2010-12-13 09:42:44');
INSERT INTO `posts_media` (`post_id`, `media_id`, `created_at`, `updated_at`) VALUES (34, 42, '2015-05-15 05:25:38', '1984-11-17 01:44:40');
INSERT INTO `posts_media` (`post_id`, `media_id`, `created_at`, `updated_at`) VALUES (34, 56, '2015-04-17 03:05:16', '1985-10-08 20:30:42');
INSERT INTO `posts_media` (`post_id`, `media_id`, `created_at`, `updated_at`) VALUES (36, 40, '1980-09-10 01:54:19', '1983-12-12 22:51:46');
INSERT INTO `posts_media` (`post_id`, `media_id`, `created_at`, `updated_at`) VALUES (40, 84, '1993-12-27 22:07:21', '1980-04-25 14:48:43');
INSERT INTO `posts_media` (`post_id`, `media_id`, `created_at`, `updated_at`) VALUES (41, 26, '1981-08-11 16:23:31', '2012-09-09 07:05:38');
INSERT INTO `posts_media` (`post_id`, `media_id`, `created_at`, `updated_at`) VALUES (42, 60, '1992-11-28 05:14:55', '2015-04-19 17:04:59');
INSERT INTO `posts_media` (`post_id`, `media_id`, `created_at`, `updated_at`) VALUES (43, 78, '1986-06-11 17:04:59', '2005-07-05 09:33:35');
INSERT INTO `posts_media` (`post_id`, `media_id`, `created_at`, `updated_at`) VALUES (43, 88, '1979-08-18 15:40:28', '2005-04-05 22:58:31');
INSERT INTO `posts_media` (`post_id`, `media_id`, `created_at`, `updated_at`) VALUES (44, 96, '1993-01-06 01:35:50', '2017-10-28 08:30:28');
INSERT INTO `posts_media` (`post_id`, `media_id`, `created_at`, `updated_at`) VALUES (45, 83, '2002-06-04 16:41:57', '1981-07-23 13:48:40');
INSERT INTO `posts_media` (`post_id`, `media_id`, `created_at`, `updated_at`) VALUES (46, 23, '1981-06-20 15:06:26', '1979-09-05 04:32:06');
INSERT INTO `posts_media` (`post_id`, `media_id`, `created_at`, `updated_at`) VALUES (46, 36, '2018-09-02 02:06:56', '2009-12-28 18:55:04');
INSERT INTO `posts_media` (`post_id`, `media_id`, `created_at`, `updated_at`) VALUES (47, 18, '2002-01-31 05:22:49', '2012-10-12 15:49:33');
INSERT INTO `posts_media` (`post_id`, `media_id`, `created_at`, `updated_at`) VALUES (48, 15, '1991-08-12 20:59:36', '1980-03-15 09:14:00');
INSERT INTO `posts_media` (`post_id`, `media_id`, `created_at`, `updated_at`) VALUES (49, 72, '1990-06-30 12:21:44', '2005-02-13 08:58:57');
INSERT INTO `posts_media` (`post_id`, `media_id`, `created_at`, `updated_at`) VALUES (50, 42, '2006-03-08 16:21:10', '1986-07-30 00:46:38');
INSERT INTO `posts_media` (`post_id`, `media_id`, `created_at`, `updated_at`) VALUES (50, 65, '2012-06-29 23:45:19', '2012-07-19 07:26:19');
INSERT INTO `posts_media` (`post_id`, `media_id`, `created_at`, `updated_at`) VALUES (50, 72, '1996-11-12 22:03:29', '1970-10-21 12:17:45');
INSERT INTO `posts_media` (`post_id`, `media_id`, `created_at`, `updated_at`) VALUES (51, 43, '1980-02-18 07:25:15', '2015-09-25 08:31:51');
INSERT INTO `posts_media` (`post_id`, `media_id`, `created_at`, `updated_at`) VALUES (52, 16, '1976-12-24 05:16:55', '1998-08-01 10:03:51');
INSERT INTO `posts_media` (`post_id`, `media_id`, `created_at`, `updated_at`) VALUES (53, 3, '1998-02-07 08:58:56', '1998-04-19 01:19:05');
INSERT INTO `posts_media` (`post_id`, `media_id`, `created_at`, `updated_at`) VALUES (53, 94, '2009-07-08 18:08:31', '1975-12-24 00:25:54');
INSERT INTO `posts_media` (`post_id`, `media_id`, `created_at`, `updated_at`) VALUES (54, 88, '2004-05-11 15:14:41', '1990-08-07 06:31:44');
INSERT INTO `posts_media` (`post_id`, `media_id`, `created_at`, `updated_at`) VALUES (55, 29, '1991-03-25 03:45:09', '2013-07-08 05:41:58');
INSERT INTO `posts_media` (`post_id`, `media_id`, `created_at`, `updated_at`) VALUES (60, 24, '1975-02-04 15:40:37', '1972-02-17 20:49:47');
INSERT INTO `posts_media` (`post_id`, `media_id`, `created_at`, `updated_at`) VALUES (60, 29, '1991-11-17 10:47:51', '1973-11-22 00:38:06');
INSERT INTO `posts_media` (`post_id`, `media_id`, `created_at`, `updated_at`) VALUES (60, 55, '1979-10-25 07:32:35', '2008-01-31 15:39:09');
INSERT INTO `posts_media` (`post_id`, `media_id`, `created_at`, `updated_at`) VALUES (61, 35, '2014-05-14 21:18:47', '1991-08-20 08:48:46');
INSERT INTO `posts_media` (`post_id`, `media_id`, `created_at`, `updated_at`) VALUES (62, 20, '1982-11-17 00:49:04', '2017-01-22 11:50:11');
INSERT INTO `posts_media` (`post_id`, `media_id`, `created_at`, `updated_at`) VALUES (64, 11, '2012-04-21 09:17:07', '2011-04-02 10:58:30');
INSERT INTO `posts_media` (`post_id`, `media_id`, `created_at`, `updated_at`) VALUES (64, 32, '1976-12-19 17:50:35', '1994-05-20 15:20:37');
INSERT INTO `posts_media` (`post_id`, `media_id`, `created_at`, `updated_at`) VALUES (66, 53, '1971-08-05 13:32:05', '1981-07-12 04:22:06');
INSERT INTO `posts_media` (`post_id`, `media_id`, `created_at`, `updated_at`) VALUES (67, 7, '1993-02-22 23:10:16', '2012-05-26 16:06:24');
INSERT INTO `posts_media` (`post_id`, `media_id`, `created_at`, `updated_at`) VALUES (68, 51, '2002-06-22 02:37:46', '1977-01-26 07:22:36');
INSERT INTO `posts_media` (`post_id`, `media_id`, `created_at`, `updated_at`) VALUES (69, 79, '1973-11-03 02:12:44', '2006-10-09 05:00:35');
INSERT INTO `posts_media` (`post_id`, `media_id`, `created_at`, `updated_at`) VALUES (71, 97, '1986-05-11 15:01:13', '2007-05-25 06:19:37');
INSERT INTO `posts_media` (`post_id`, `media_id`, `created_at`, `updated_at`) VALUES (72, 9, '1979-06-11 23:48:44', '1998-12-29 21:29:53');
INSERT INTO `posts_media` (`post_id`, `media_id`, `created_at`, `updated_at`) VALUES (74, 11, '2003-12-29 03:13:31', '1982-03-21 13:06:44');
INSERT INTO `posts_media` (`post_id`, `media_id`, `created_at`, `updated_at`) VALUES (75, 26, '2015-02-05 19:31:18', '1985-01-30 17:55:04');
INSERT INTO `posts_media` (`post_id`, `media_id`, `created_at`, `updated_at`) VALUES (75, 27, '2000-01-26 23:50:17', '2004-09-08 23:28:46');
INSERT INTO `posts_media` (`post_id`, `media_id`, `created_at`, `updated_at`) VALUES (75, 65, '1981-09-24 18:29:55', '1980-01-26 04:35:11');
INSERT INTO `posts_media` (`post_id`, `media_id`, `created_at`, `updated_at`) VALUES (75, 94, '1981-01-12 23:30:14', '2009-04-15 07:47:09');
INSERT INTO `posts_media` (`post_id`, `media_id`, `created_at`, `updated_at`) VALUES (78, 9, '2001-05-18 04:56:34', '1976-03-27 21:23:20');
INSERT INTO `posts_media` (`post_id`, `media_id`, `created_at`, `updated_at`) VALUES (78, 21, '1999-04-29 01:42:58', '2011-04-22 02:08:47');
INSERT INTO `posts_media` (`post_id`, `media_id`, `created_at`, `updated_at`) VALUES (78, 26, '2001-06-03 06:06:05', '1998-09-12 08:09:30');
INSERT INTO `posts_media` (`post_id`, `media_id`, `created_at`, `updated_at`) VALUES (78, 37, '1987-11-24 17:40:40', '2015-04-03 19:46:22');
INSERT INTO `posts_media` (`post_id`, `media_id`, `created_at`, `updated_at`) VALUES (79, 3, '1990-08-23 20:34:44', '2020-01-01 15:42:10');
INSERT INTO `posts_media` (`post_id`, `media_id`, `created_at`, `updated_at`) VALUES (79, 13, '2006-01-03 08:02:09', '2001-09-09 22:48:42');
INSERT INTO `posts_media` (`post_id`, `media_id`, `created_at`, `updated_at`) VALUES (79, 71, '1990-03-12 06:46:33', '1976-07-23 23:29:58');
INSERT INTO `posts_media` (`post_id`, `media_id`, `created_at`, `updated_at`) VALUES (82, 47, '1994-02-13 22:53:07', '1991-01-04 02:49:25');
INSERT INTO `posts_media` (`post_id`, `media_id`, `created_at`, `updated_at`) VALUES (83, 68, '2017-08-07 10:57:44', '2012-02-17 18:18:33');
INSERT INTO `posts_media` (`post_id`, `media_id`, `created_at`, `updated_at`) VALUES (84, 68, '2010-03-27 05:11:07', '1972-09-08 07:13:10');
INSERT INTO `posts_media` (`post_id`, `media_id`, `created_at`, `updated_at`) VALUES (85, 31, '1991-10-07 09:28:48', '2001-02-11 17:58:14');
INSERT INTO `posts_media` (`post_id`, `media_id`, `created_at`, `updated_at`) VALUES (86, 14, '2009-11-17 17:58:37', '1992-09-06 00:05:18');
INSERT INTO `posts_media` (`post_id`, `media_id`, `created_at`, `updated_at`) VALUES (86, 15, '1985-08-16 15:28:26', '1981-11-05 13:07:23');
INSERT INTO `posts_media` (`post_id`, `media_id`, `created_at`, `updated_at`) VALUES (86, 19, '2001-09-04 05:57:13', '1999-02-01 00:30:08');
INSERT INTO `posts_media` (`post_id`, `media_id`, `created_at`, `updated_at`) VALUES (86, 89, '2000-01-18 23:25:45', '1999-05-10 06:03:25');
INSERT INTO `posts_media` (`post_id`, `media_id`, `created_at`, `updated_at`) VALUES (87, 53, '1989-11-06 19:13:40', '2005-08-31 21:27:20');
INSERT INTO `posts_media` (`post_id`, `media_id`, `created_at`, `updated_at`) VALUES (88, 15, '2000-10-14 12:44:51', '1982-04-12 07:47:24');
INSERT INTO `posts_media` (`post_id`, `media_id`, `created_at`, `updated_at`) VALUES (88, 60, '1988-11-16 00:41:31', '1985-08-17 12:38:04');
INSERT INTO `posts_media` (`post_id`, `media_id`, `created_at`, `updated_at`) VALUES (88, 69, '1994-01-18 10:11:01', '2011-11-04 05:04:32');
INSERT INTO `posts_media` (`post_id`, `media_id`, `created_at`, `updated_at`) VALUES (93, 14, '2008-10-09 10:35:37', '2013-04-04 04:35:12');
INSERT INTO `posts_media` (`post_id`, `media_id`, `created_at`, `updated_at`) VALUES (93, 31, '1975-10-28 17:21:34', '1970-12-08 00:13:40');
INSERT INTO `posts_media` (`post_id`, `media_id`, `created_at`, `updated_at`) VALUES (94, 45, '1970-09-04 23:31:52', '2009-05-15 15:55:48');
INSERT INTO `posts_media` (`post_id`, `media_id`, `created_at`, `updated_at`) VALUES (94, 73, '1971-05-31 10:18:06', '1981-04-13 02:06:15');
INSERT INTO `posts_media` (`post_id`, `media_id`, `created_at`, `updated_at`) VALUES (97, 20, '1988-08-26 01:23:46', '1972-12-14 15:45:11');
INSERT INTO `posts_media` (`post_id`, `media_id`, `created_at`, `updated_at`) VALUES (97, 80, '1992-08-17 01:05:45', '2008-04-02 10:40:50');
INSERT INTO `posts_media` (`post_id`, `media_id`, `created_at`, `updated_at`) VALUES (98, 64, '2007-01-09 19:41:09', '1990-07-15 18:24:40');
INSERT INTO `posts_media` (`post_id`, `media_id`, `created_at`, `updated_at`) VALUES (100, 15, '1974-10-23 20:07:55', '2014-03-11 04:25:42');
INSERT INTO `posts_media` (`post_id`, `media_id`, `created_at`, `updated_at`) VALUES (100, 60, '2011-07-06 13:13:46', '2010-12-16 18:21:58');


INSERT INTO `profiles` (`user_id`, `photo_id`, `is_private`, `website`, `about_user`, `status_id`, `created_at`, `updated_at`) VALUES (1, 0, 0, '', 'Aut quia officiis deleniti id. Voluptas aperiam dolore corrupti doloremque quia. Quod fugit dignissimos numquam autem et perferendis eius voluptas.', 3, '2020-01-24 14:57:50', '2004-08-14 17:11:20');
INSERT INTO `profiles` (`user_id`, `photo_id`, `is_private`, `website`, `about_user`, `status_id`, `created_at`, `updated_at`) VALUES (2, 0, 1, 'http://greenholtokeefe.org/', 'Doloremque porro itaque totam veritatis eligendi. Adipisci amet amet quae. Earum nobis molestiae sunt non aliquid.', 6, '1975-12-06 08:52:42', '1988-06-22 07:27:34');
INSERT INTO `profiles` (`user_id`, `photo_id`, `is_private`, `website`, `about_user`, `status_id`, `created_at`, `updated_at`) VALUES (3, 0, 1, 'http://dickinson.biz/', 'Dolorem id qui doloremque nam. Aut praesentium harum cum. Et ut impedit sit aspernatur porro molestias. Est id in voluptates cupiditate natus enim.', 1, '1993-12-30 17:50:27', '1989-05-28 02:45:28');
INSERT INTO `profiles` (`user_id`, `photo_id`, `is_private`, `website`, `about_user`, `status_id`, `created_at`, `updated_at`) VALUES (4, 0, 0, '', 'Et minima dolore quibusdam id. Tenetur sapiente consectetur quibusdam aliquid quo tempora.', 5, '2015-10-27 00:09:43', '1976-07-10 06:49:50');
INSERT INTO `profiles` (`user_id`, `photo_id`, `is_private`, `website`, `about_user`, `status_id`, `created_at`, `updated_at`) VALUES (5, 39, 0, '', 'Dolore sed debitis et minima. Quisquam alias consequatur doloribus nisi quia quaerat placeat. Est eaque quae est accusamus incidunt quasi.', 2, '2011-08-21 02:08:37', '1974-05-09 17:17:19');
INSERT INTO `profiles` (`user_id`, `photo_id`, `is_private`, `website`, `about_user`, `status_id`, `created_at`, `updated_at`) VALUES (6, 0, 1, 'http://www.kuhn.com/', 'Et ipsa quo et aperiam dolores. Quam aut error placeat at. Labore et laudantium eos exercitationem consequatur.', 6, '1996-03-18 09:10:23', '1996-07-04 07:59:45');
INSERT INTO `profiles` (`user_id`, `photo_id`, `is_private`, `website`, `about_user`, `status_id`, `created_at`, `updated_at`) VALUES (7, 94, 1, '', 'Ex sunt atque eos dolore fugiat. Fugit ipsa eos et sit sunt quas sit. Optio aut tempore cupiditate ut. Perferendis aut at nesciunt cupiditate ex.', 6, '1989-04-15 04:16:16', '1984-07-26 14:18:46');
INSERT INTO `profiles` (`user_id`, `photo_id`, `is_private`, `website`, `about_user`, `status_id`, `created_at`, `updated_at`) VALUES (8, 23, 1, '', 'Facere omnis qui aliquid repellendus. Quas id nobis illum dignissimos. Necessitatibus sit ipsa sint natus et dignissimos.', 7, '2004-09-06 08:39:56', '1989-11-01 05:40:32');
INSERT INTO `profiles` (`user_id`, `photo_id`, `is_private`, `website`, `about_user`, `status_id`, `created_at`, `updated_at`) VALUES (9, 57, 1, '', 'Quo excepturi in optio reprehenderit excepturi. Saepe officiis debitis qui sed molestiae corporis. Debitis sit hic dolores praesentium vel.', 5, '2006-06-04 07:04:52', '2008-04-07 08:22:26');
INSERT INTO `profiles` (`user_id`, `photo_id`, `is_private`, `website`, `about_user`, `status_id`, `created_at`, `updated_at`) VALUES (10, 84, 1, '', 'Nihil similique soluta rerum aspernatur assumenda itaque. Eos adipisci quia sequi voluptatem alias. Placeat aliquam quibusdam odio error quo.', 2, '1993-10-18 21:14:24', '2010-09-01 05:27:09');
INSERT INTO `profiles` (`user_id`, `photo_id`, `is_private`, `website`, `about_user`, `status_id`, `created_at`, `updated_at`) VALUES (11, 0, 1, 'http://veum.com/', 'Sint et ratione aspernatur. Ea corporis maiores molestiae officia. Necessitatibus fugit aut et reprehenderit ab.', 3, '1994-11-25 11:44:54', '1984-05-31 20:12:44');
INSERT INTO `profiles` (`user_id`, `photo_id`, `is_private`, `website`, `about_user`, `status_id`, `created_at`, `updated_at`) VALUES (12, 0, 0, 'http://www.kutch.org/', 'Rem odit harum quidem corrupti nobis blanditiis. Qui et quod temporibus quas optio. Quia rem delectus sunt et at.', 6, '2002-05-04 03:08:45', '1998-06-07 00:16:28');
INSERT INTO `profiles` (`user_id`, `photo_id`, `is_private`, `website`, `about_user`, `status_id`, `created_at`, `updated_at`) VALUES (13, 3, 0, 'http://spencerabernathy.net/', 'Ut aut quae quia sit odio iusto. Sunt quia consequuntur placeat est a quos. Expedita hic rem commodi nostrum nobis.', 6, '1997-11-12 04:44:19', '2014-04-08 18:42:18');
INSERT INTO `profiles` (`user_id`, `photo_id`, `is_private`, `website`, `about_user`, `status_id`, `created_at`, `updated_at`) VALUES (14, 0, 0, 'http://www.nitzschekunde.biz/', 'Iste iure blanditiis adipisci harum et alias nihil. Beatae nihil qui dolorem blanditiis modi. Dolorem ipsa sint similique accusamus.', 3, '1991-05-14 04:29:49', '1990-04-11 01:32:56');
INSERT INTO `profiles` (`user_id`, `photo_id`, `is_private`, `website`, `about_user`, `status_id`, `created_at`, `updated_at`) VALUES (15, 29, 0, '', 'Non facere enim alias eum. Voluptatem consequatur dignissimos sapiente consequuntur. Possimus sint ut nostrum.', 3, '2012-09-04 01:22:43', '1981-08-12 06:43:28');
INSERT INTO `profiles` (`user_id`, `photo_id`, `is_private`, `website`, `about_user`, `status_id`, `created_at`, `updated_at`) VALUES (16, 0, 1, '', 'Veniam a dolores nihil maxime blanditiis odio. Dolor natus modi quibusdam facere assumenda. Dolorem et illum beatae quia quisquam omnis accusantium.', 4, '2012-04-20 20:40:00', '2009-05-01 17:43:36');
INSERT INTO `profiles` (`user_id`, `photo_id`, `is_private`, `website`, `about_user`, `status_id`, `created_at`, `updated_at`) VALUES (17, 30, 1, 'http://greendurgan.com/', 'Aliquam voluptas corrupti eos laudantium repellat reiciendis aut. Libero voluptas doloribus vero iste. Nulla eaque qui magni iste.', 3, '2016-07-11 14:17:35', '1996-03-17 19:42:17');
INSERT INTO `profiles` (`user_id`, `photo_id`, `is_private`, `website`, `about_user`, `status_id`, `created_at`, `updated_at`) VALUES (18, 55, 0, '', 'Omnis esse at at magni accusantium magnam consequatur. Ratione quas nesciunt quo. Eum magnam autem et laboriosam.', 7, '1972-08-22 15:51:57', '1981-01-11 06:20:14');
INSERT INTO `profiles` (`user_id`, `photo_id`, `is_private`, `website`, `about_user`, `status_id`, `created_at`, `updated_at`) VALUES (19, 11, 1, 'http://www.stiedemannhuels.biz/', 'Eius amet ut quia ipsum amet et. Nostrum suscipit quia laboriosam doloribus temporibus libero. Veniam at expedita sint maxime molestias.', 3, '1995-11-10 21:58:55', '1980-05-28 18:37:55');
INSERT INTO `profiles` (`user_id`, `photo_id`, `is_private`, `website`, `about_user`, `status_id`, `created_at`, `updated_at`) VALUES (20, 45, 1, 'http://www.mann.com/', 'Aut id deserunt quaerat voluptate non eum porro. Eaque repellat placeat tenetur et. Voluptas eaque nihil veritatis.', 5, '1998-04-12 19:57:08', '1976-06-18 13:29:02');
INSERT INTO `profiles` (`user_id`, `photo_id`, `is_private`, `website`, `about_user`, `status_id`, `created_at`, `updated_at`) VALUES (21, 0, 0, 'http://www.gerlach.com/', 'Odio a aut eum adipisci nobis. Velit dicta fuga quibusdam magni autem eveniet. Est libero nesciunt hic. Qui architecto modi at nostrum.', 4, '1998-06-04 02:59:15', '1977-12-10 09:07:46');
INSERT INTO `profiles` (`user_id`, `photo_id`, `is_private`, `website`, `about_user`, `status_id`, `created_at`, `updated_at`) VALUES (22, 0, 0, 'http://herman.com/', 'Et ut et culpa esse sed sunt. Laboriosam autem consequatur enim ea. Itaque est incidunt cumque itaque voluptas maiores.', 5, '1970-11-23 20:18:56', '2008-11-09 03:31:06');
INSERT INTO `profiles` (`user_id`, `photo_id`, `is_private`, `website`, `about_user`, `status_id`, `created_at`, `updated_at`) VALUES (23, 25, 0, '', 'Nobis est ab fuga dolor consequatur ut. Laboriosam error ab accusamus quia doloremque saepe. Est blanditiis doloremque a enim et nesciunt quia dolor.', 1, '2020-01-26 12:25:22', '2006-01-24 06:50:49');
INSERT INTO `profiles` (`user_id`, `photo_id`, `is_private`, `website`, `about_user`, `status_id`, `created_at`, `updated_at`) VALUES (24, 0, 1, 'http://www.jakubowski.net/', 'Quo nostrum aut aut sed. Autem fuga consectetur velit delectus. Cumque voluptatem earum fuga libero.', 4, '2005-09-23 23:16:27', '1999-06-19 16:45:27');
INSERT INTO `profiles` (`user_id`, `photo_id`, `is_private`, `website`, `about_user`, `status_id`, `created_at`, `updated_at`) VALUES (25, 55, 1, '', 'Voluptas exercitationem beatae maxime enim. Nemo et tempore quo sit eum sed aliquam ullam. Tempore neque distinctio sed.', 1, '1977-03-02 07:25:14', '1990-02-11 11:58:09');
INSERT INTO `profiles` (`user_id`, `photo_id`, `is_private`, `website`, `about_user`, `status_id`, `created_at`, `updated_at`) VALUES (26, 0, 0, 'http://zulauf.com/', 'Et aliquid labore reprehenderit minima aut molestiae. At qui quia numquam ducimus. Molestiae officia labore aliquid accusamus quis architecto non.', 1, '1998-09-29 10:21:18', '1979-06-17 13:23:44');
INSERT INTO `profiles` (`user_id`, `photo_id`, `is_private`, `website`, `about_user`, `status_id`, `created_at`, `updated_at`) VALUES (27, 0, 0, 'http://www.labadiepfeffer.org/', 'Veniam quia rerum impedit odio. Itaque delectus est amet dignissimos. Praesentium id assumenda sed ut expedita laboriosam.', 7, '1985-10-23 20:27:06', '2010-06-16 21:10:37');
INSERT INTO `profiles` (`user_id`, `photo_id`, `is_private`, `website`, `about_user`, `status_id`, `created_at`, `updated_at`) VALUES (28, 66, 0, '', 'Laboriosam reprehenderit rerum voluptatem quo sapiente non. Saepe quia vero minima ratione velit asperiores soluta. Ut unde in eos saepe iste.', 1, '2017-05-20 16:04:06', '1990-07-06 07:55:01');
INSERT INTO `profiles` (`user_id`, `photo_id`, `is_private`, `website`, `about_user`, `status_id`, `created_at`, `updated_at`) VALUES (29, 0, 1, '', 'Reiciendis libero dolorem aut vel fugiat. At expedita a explicabo asperiores accusamus culpa possimus.', 4, '1992-02-10 00:59:09', '2015-10-28 18:04:01');
INSERT INTO `profiles` (`user_id`, `photo_id`, `is_private`, `website`, `about_user`, `status_id`, `created_at`, `updated_at`) VALUES (30, 95, 0, '', 'Et eum omnis et facilis eos cum. Magni et voluptate harum odit aliquid nemo.', 2, '1974-03-25 14:53:52', '2008-09-13 09:49:13');
INSERT INTO `profiles` (`user_id`, `photo_id`, `is_private`, `website`, `about_user`, `status_id`, `created_at`, `updated_at`) VALUES (31, 0, 1, '', 'Ipsa est tenetur delectus fugit tempore quia eum. Dolorem nihil provident voluptates unde qui. Autem ut provident aperiam saepe molestiae dolorem.', 6, '1980-04-14 08:42:51', '2007-01-07 19:14:15');
INSERT INTO `profiles` (`user_id`, `photo_id`, `is_private`, `website`, `about_user`, `status_id`, `created_at`, `updated_at`) VALUES (32, 90, 0, '', 'Repudiandae ea molestias repellendus ab dolores quasi voluptate non. Illo velit illum praesentium commodi. Nihil est et praesentium id nihil.', 1, '2007-05-05 17:57:06', '2005-01-31 11:09:15');
INSERT INTO `profiles` (`user_id`, `photo_id`, `is_private`, `website`, `about_user`, `status_id`, `created_at`, `updated_at`) VALUES (33, 0, 0, 'http://www.mclaughlin.net/', 'Maiores accusamus qui dolores enim amet libero ducimus saepe. Eum sit dolorem hic a fuga sed alias doloremque. Eveniet est ut et qui totam.', 6, '1985-06-18 21:40:07', '2002-04-19 09:31:53');
INSERT INTO `profiles` (`user_id`, `photo_id`, `is_private`, `website`, `about_user`, `status_id`, `created_at`, `updated_at`) VALUES (34, 36, 0, 'http://www.pacochaframi.com/', 'Quo reiciendis in officia maiores. Sequi impedit similique harum itaque. Quis ratione atque iste nemo facilis ab ducimus.', 6, '1995-11-26 19:07:06', '1977-12-12 09:13:16');
INSERT INTO `profiles` (`user_id`, `photo_id`, `is_private`, `website`, `about_user`, `status_id`, `created_at`, `updated_at`) VALUES (35, 62, 1, 'http://dibbertmohr.com/', 'Et voluptatem fuga et dicta velit aperiam. Et eveniet laborum et in. Accusantium temporibus sit architecto eos.', 2, '1987-12-15 10:07:19', '2012-08-26 10:42:00');
INSERT INTO `profiles` (`user_id`, `photo_id`, `is_private`, `website`, `about_user`, `status_id`, `created_at`, `updated_at`) VALUES (36, 0, 1, '', 'Laboriosam facilis nemo velit ad. Possimus autem natus et qui nobis fuga. Ut nesciunt dignissimos ut laborum dolorum.', 3, '2005-04-14 21:22:21', '2009-06-29 20:59:37');
INSERT INTO `profiles` (`user_id`, `photo_id`, `is_private`, `website`, `about_user`, `status_id`, `created_at`, `updated_at`) VALUES (37, 2, 0, 'http://www.hettingerlebsack.com/', 'Harum qui aperiam quis distinctio. Nihil aut architecto consequuntur optio mollitia.', 7, '1980-04-09 21:31:36', '2009-03-23 18:54:14');
INSERT INTO `profiles` (`user_id`, `photo_id`, `is_private`, `website`, `about_user`, `status_id`, `created_at`, `updated_at`) VALUES (38, 94, 0, 'http://www.blanda.com/', 'Praesentium et delectus non ut perferendis. Inventore sint dolores aut vitae facilis. Repudiandae corrupti molestias et nam corrupti.', 3, '1998-10-08 09:30:23', '2015-04-11 01:40:53');
INSERT INTO `profiles` (`user_id`, `photo_id`, `is_private`, `website`, `about_user`, `status_id`, `created_at`, `updated_at`) VALUES (39, 0, 1, 'http://www.ledner.com/', 'Ducimus sequi officiis ut sed. Non hic odio nihil sed laudantium.', 2, '1973-11-23 14:40:27', '2018-09-29 05:34:00');
INSERT INTO `profiles` (`user_id`, `photo_id`, `is_private`, `website`, `about_user`, `status_id`, `created_at`, `updated_at`) VALUES (40, 0, 1, 'http://www.hirthe.com/', 'Suscipit quae ab cupiditate voluptas voluptatem. Sed labore libero vel ut. Dolorem adipisci ea labore.', 4, '2018-01-04 04:36:02', '2014-01-25 06:25:00');
INSERT INTO `profiles` (`user_id`, `photo_id`, `is_private`, `website`, `about_user`, `status_id`, `created_at`, `updated_at`) VALUES (41, 91, 0, 'http://www.harvey.biz/', 'Ipsam quod aspernatur aspernatur voluptates. Quis ea quia aliquam aut nemo. Sed atque reiciendis explicabo.', 6, '1993-10-27 22:59:32', '1986-07-05 10:56:29');
INSERT INTO `profiles` (`user_id`, `photo_id`, `is_private`, `website`, `about_user`, `status_id`, `created_at`, `updated_at`) VALUES (42, 94, 0, '', 'Aut omnis quis quibusdam. Eius iusto molestias dolores. Facere molestiae sequi cum reprehenderit corporis nihil soluta.', 2, '1976-12-30 02:05:40', '1984-07-30 06:52:50');
INSERT INTO `profiles` (`user_id`, `photo_id`, `is_private`, `website`, `about_user`, `status_id`, `created_at`, `updated_at`) VALUES (43, 0, 0, 'http://www.abbottbaumbach.net/', 'Placeat cupiditate dolores velit atque maiores rerum. Cumque ut vero optio quibusdam qui vero ut facilis. Officiis repellat eum earum ratione sequi.', 6, '1972-01-20 18:10:25', '1985-10-10 04:34:10');
INSERT INTO `profiles` (`user_id`, `photo_id`, `is_private`, `website`, `about_user`, `status_id`, `created_at`, `updated_at`) VALUES (44, 0, 1, 'http://damore.net/', 'Fuga odit voluptatem ipsa. Sint quidem quia quod deserunt. Autem accusantium dolor necessitatibus tempore rerum pariatur.', 2, '2001-09-15 23:31:06', '2016-02-11 02:05:06');
INSERT INTO `profiles` (`user_id`, `photo_id`, `is_private`, `website`, `about_user`, `status_id`, `created_at`, `updated_at`) VALUES (45, 0, 1, 'http://www.stark.com/', 'Deleniti vero in incidunt dolor id reprehenderit. Rerum consectetur dolorum nesciunt dolor. Voluptatem ipsam non nemo molestias et dolorem.', 1, '1975-05-30 06:24:35', '1994-05-19 09:53:32');
INSERT INTO `profiles` (`user_id`, `photo_id`, `is_private`, `website`, `about_user`, `status_id`, `created_at`, `updated_at`) VALUES (46, 0, 1, '', 'Aut quaerat ratione illo et ut ex. Maxime nihil voluptas aliquam. Consequatur iusto laborum aut in. Fuga et eum enim ducimus quae dignissimos.', 1, '1996-06-15 02:51:35', '2011-12-25 22:10:45');
INSERT INTO `profiles` (`user_id`, `photo_id`, `is_private`, `website`, `about_user`, `status_id`, `created_at`, `updated_at`) VALUES (47, 15, 1, 'http://loweframi.info/', 'Quo temporibus voluptatum dolor est iste. Est aut laboriosam et ab. Nulla porro ducimus dolores unde optio enim. Odio minima ut esse neque.', 7, '1976-07-22 11:02:14', '1993-07-04 22:10:00');
INSERT INTO `profiles` (`user_id`, `photo_id`, `is_private`, `website`, `about_user`, `status_id`, `created_at`, `updated_at`) VALUES (48, 97, 0, 'http://ryan.com/', 'In qui reiciendis repellendus. Omnis quis ullam consequatur qui ad. Ut nam iusto et minus aspernatur eligendi minima.', 6, '2000-01-13 07:47:23', '2005-07-06 08:13:05');
INSERT INTO `profiles` (`user_id`, `photo_id`, `is_private`, `website`, `about_user`, `status_id`, `created_at`, `updated_at`) VALUES (49, 75, 0, 'http://murphykovacek.com/', 'Molestiae et et quisquam possimus. Repudiandae voluptas facere qui. Optio eum fugit aspernatur dolor ut.', 7, '2003-11-19 01:13:19', '1982-10-08 19:53:23');
INSERT INTO `profiles` (`user_id`, `photo_id`, `is_private`, `website`, `about_user`, `status_id`, `created_at`, `updated_at`) VALUES (50, 0, 0, '', 'Ad qui sed et quo et quis quia. Placeat voluptatem omnis quo placeat dolores suscipit. Facilis error quis excepturi repellendus porro et.', 2, '1995-09-07 12:26:12', '2009-06-08 04:07:51');
INSERT INTO `profiles` (`user_id`, `photo_id`, `is_private`, `website`, `about_user`, `status_id`, `created_at`, `updated_at`) VALUES (51, 28, 1, '', 'Voluptatem quo ipsum modi consequatur officia praesentium. Sed architecto omnis et aut. Veniam impedit fugit reiciendis earum molestiae sunt.', 1, '2001-04-14 10:46:36', '1972-12-07 00:21:38');
INSERT INTO `profiles` (`user_id`, `photo_id`, `is_private`, `website`, `about_user`, `status_id`, `created_at`, `updated_at`) VALUES (52, 0, 0, '', 'Eveniet perspiciatis dolor porro inventore corrupti ut hic. Aut dolores ducimus accusantium. Qui odio reprehenderit fugit tempore rem.', 6, '1988-01-26 08:34:44', '1970-07-25 08:54:29');
INSERT INTO `profiles` (`user_id`, `photo_id`, `is_private`, `website`, `about_user`, `status_id`, `created_at`, `updated_at`) VALUES (53, 0, 0, '', 'Assumenda nesciunt voluptas voluptatibus nemo. Eum velit omnis vero sed.', 6, '2004-10-06 11:13:42', '1995-10-15 01:30:29');
INSERT INTO `profiles` (`user_id`, `photo_id`, `is_private`, `website`, `about_user`, `status_id`, `created_at`, `updated_at`) VALUES (54, 49, 0, 'http://tremblayschmeler.com/', 'Aut et nesciunt et ea laudantium laboriosam. Est enim et qui cum. Ut excepturi qui voluptatem expedita.', 1, '1987-03-28 01:29:20', '2018-01-08 10:04:07');
INSERT INTO `profiles` (`user_id`, `photo_id`, `is_private`, `website`, `about_user`, `status_id`, `created_at`, `updated_at`) VALUES (55, 0, 1, '', 'Minima modi quasi eum vel. Laborum tenetur quis autem culpa fuga cum qui. Alias qui vitae voluptatibus aut a velit adipisci.', 1, '2006-05-15 08:34:35', '1997-04-16 22:44:02');
INSERT INTO `profiles` (`user_id`, `photo_id`, `is_private`, `website`, `about_user`, `status_id`, `created_at`, `updated_at`) VALUES (56, 0, 1, '', 'Aut voluptas porro ut soluta. Nisi voluptatem laudantium saepe cum molestias quisquam. Dolore voluptatem blanditiis quos libero nemo consequatur.', 1, '1982-02-05 10:45:14', '1988-04-08 07:32:46');
INSERT INTO `profiles` (`user_id`, `photo_id`, `is_private`, `website`, `about_user`, `status_id`, `created_at`, `updated_at`) VALUES (57, 5, 1, 'http://www.bahringermorar.com/', 'Veniam consequatur quidem ullam aut eum ut. Repellendus temporibus rerum sequi eveniet quia enim et. Quae enim id est recusandae id.', 5, '1985-01-14 09:04:59', '2009-07-04 04:13:00');
INSERT INTO `profiles` (`user_id`, `photo_id`, `is_private`, `website`, `about_user`, `status_id`, `created_at`, `updated_at`) VALUES (58, 0, 1, 'http://goodwin.info/', 'Neque tenetur quae qui incidunt fuga eligendi aperiam illo. Dolorum eos sed nemo voluptatum et. Eum id necessitatibus et nemo culpa quia.', 7, '1972-09-06 17:02:09', '1975-09-05 11:43:51');
INSERT INTO `profiles` (`user_id`, `photo_id`, `is_private`, `website`, `about_user`, `status_id`, `created_at`, `updated_at`) VALUES (59, 0, 0, 'http://robelcummerata.com/', 'Fugiat qui voluptate numquam id. Et ducimus odio et reprehenderit totam ut. Est cupiditate itaque deserunt voluptatem.', 3, '1987-01-01 11:11:29', '2012-10-12 17:13:35');
INSERT INTO `profiles` (`user_id`, `photo_id`, `is_private`, `website`, `about_user`, `status_id`, `created_at`, `updated_at`) VALUES (60, 0, 1, 'http://okuneva.org/', 'Voluptas qui eligendi qui quia sit dolorem enim. Nam molestias qui dolorum eveniet illum sed. Sequi non alias molestias sint.', 1, '1972-11-05 05:51:36', '2006-03-26 07:01:54');
INSERT INTO `profiles` (`user_id`, `photo_id`, `is_private`, `website`, `about_user`, `status_id`, `created_at`, `updated_at`) VALUES (61, 82, 0, 'http://sauer.com/', 'Quas exercitationem ducimus veritatis rem in quia. Sint sunt ullam aut nihil. Est perspiciatis perspiciatis nisi. Corporis quae molestiae et quas.', 7, '1977-08-30 04:29:01', '2011-09-06 12:22:50');
INSERT INTO `profiles` (`user_id`, `photo_id`, `is_private`, `website`, `about_user`, `status_id`, `created_at`, `updated_at`) VALUES (62, 89, 1, 'http://okeefe.com/', 'Officia illo labore ratione dignissimos nam. Assumenda esse ad recusandae et ut. Ullam ut alias vel libero.', 4, '1976-10-19 02:35:26', '1976-03-07 14:43:40');
INSERT INTO `profiles` (`user_id`, `photo_id`, `is_private`, `website`, `about_user`, `status_id`, `created_at`, `updated_at`) VALUES (63, 0, 0, '', 'Repellat minima architecto eius sit quia ea dolor. Ut maiores sapiente eos libero et quo.', 4, '2002-04-03 22:08:06', '2016-08-08 15:12:41');
INSERT INTO `profiles` (`user_id`, `photo_id`, `is_private`, `website`, `about_user`, `status_id`, `created_at`, `updated_at`) VALUES (64, 28, 1, '', 'Ea nemo rerum assumenda velit ad debitis. Molestiae autem est autem nihil nulla non. Expedita voluptatum similique nesciunt est eum dolor nostrum.', 2, '2005-08-31 20:24:59', '1977-01-13 21:21:05');
INSERT INTO `profiles` (`user_id`, `photo_id`, `is_private`, `website`, `about_user`, `status_id`, `created_at`, `updated_at`) VALUES (65, 0, 1, '', 'Porro odio ipsam minus dolore iste provident. Suscipit ut iste quibusdam dolore doloribus. Consequuntur aliquid et voluptate.', 6, '1986-07-12 10:55:53', '1977-07-10 08:09:55');
INSERT INTO `profiles` (`user_id`, `photo_id`, `is_private`, `website`, `about_user`, `status_id`, `created_at`, `updated_at`) VALUES (66, 98, 1, '', 'Libero nihil fugit omnis. Quisquam in dolorem commodi voluptas fugit. Quasi ipsum harum voluptatum ad explicabo nam.', 7, '2009-02-01 18:47:09', '2009-06-23 17:04:05');
INSERT INTO `profiles` (`user_id`, `photo_id`, `is_private`, `website`, `about_user`, `status_id`, `created_at`, `updated_at`) VALUES (67, 0, 0, 'http://www.mosciski.com/', 'Velit eos aut adipisci sed. Tenetur eos totam harum vel ipsum. Tenetur officiis et quia voluptas eum repellat dolore dolorem.', 1, '1994-09-30 09:38:33', '1983-09-28 02:42:30');
INSERT INTO `profiles` (`user_id`, `photo_id`, `is_private`, `website`, `about_user`, `status_id`, `created_at`, `updated_at`) VALUES (68, 0, 1, '', 'Est voluptatem est harum voluptatem eos. Facere vel qui qui fuga et commodi voluptatibus. Molestiae non distinctio minima maiores saepe aut ex.', 5, '1993-06-19 09:02:58', '1991-09-28 23:06:37');
INSERT INTO `profiles` (`user_id`, `photo_id`, `is_private`, `website`, `about_user`, `status_id`, `created_at`, `updated_at`) VALUES (69, 0, 0, '', 'Velit sunt commodi nihil rerum sit minima voluptatum. Dolorem nam quia illo tempore. Nam et ex natus magni ullam dignissimos.', 4, '1976-01-22 21:48:30', '2010-10-17 11:57:46');
INSERT INTO `profiles` (`user_id`, `photo_id`, `is_private`, `website`, `about_user`, `status_id`, `created_at`, `updated_at`) VALUES (70, 73, 0, 'http://www.lebsack.biz/', 'Dolorum ut est repellendus sed dignissimos. At eum dignissimos quia occaecati sint eum. Ea earum officiis error rem.', 2, '1985-10-02 08:52:35', '2017-09-23 12:14:05');
INSERT INTO `profiles` (`user_id`, `photo_id`, `is_private`, `website`, `about_user`, `status_id`, `created_at`, `updated_at`) VALUES (71, 53, 0, '', 'Quia aut eos aut. Officiis delectus voluptas corporis et error rerum ipsam.', 1, '1989-04-05 11:16:06', '2019-10-14 17:25:50');
INSERT INTO `profiles` (`user_id`, `photo_id`, `is_private`, `website`, `about_user`, `status_id`, `created_at`, `updated_at`) VALUES (72, 52, 0, 'http://balistrerijakubowski.org/', 'Non dicta sint nostrum in neque ut odit et. Provident tempore a tempore in. Aut et dolores consectetur saepe.', 2, '1975-11-08 05:23:40', '1987-10-05 14:12:35');
INSERT INTO `profiles` (`user_id`, `photo_id`, `is_private`, `website`, `about_user`, `status_id`, `created_at`, `updated_at`) VALUES (73, 0, 1, 'http://king.com/', 'Ut autem ea dicta ea necessitatibus aut dignissimos. Ut aliquid ut porro qui dolor. Quam soluta ea consequatur dolor et.', 1, '2017-09-22 10:58:01', '1970-07-12 09:46:38');
INSERT INTO `profiles` (`user_id`, `photo_id`, `is_private`, `website`, `about_user`, `status_id`, `created_at`, `updated_at`) VALUES (74, 0, 1, '', 'Aut assumenda vel aspernatur consequuntur. Commodi quo eos praesentium tenetur explicabo aut blanditiis aperiam.', 1, '1985-11-10 02:27:28', '2013-05-17 16:13:52');
INSERT INTO `profiles` (`user_id`, `photo_id`, `is_private`, `website`, `about_user`, `status_id`, `created_at`, `updated_at`) VALUES (75, 0, 0, 'http://langworth.net/', 'Et qui quibusdam repudiandae. Sit nesciunt hic est error. Fugit voluptatibus hic in temporibus cum.', 7, '1976-12-23 09:00:42', '1981-07-10 02:46:20');
INSERT INTO `profiles` (`user_id`, `photo_id`, `is_private`, `website`, `about_user`, `status_id`, `created_at`, `updated_at`) VALUES (76, 0, 0, 'http://satterfieldklein.com/', 'Quae voluptas porro blanditiis modi commodi. Omnis nihil sint vel veritatis. Sunt eaque est et maiores nihil ad laborum.', 4, '2003-02-28 22:00:34', '1991-09-20 09:17:31');
INSERT INTO `profiles` (`user_id`, `photo_id`, `is_private`, `website`, `about_user`, `status_id`, `created_at`, `updated_at`) VALUES (77, 0, 1, '', 'Dignissimos expedita quaerat ut mollitia consequatur. Quis qui quia in. Odit atque autem qui omnis odit aut. Rerum molestias maiores delectus alias.', 2, '1994-01-14 21:51:55', '2015-03-21 17:18:44');
INSERT INTO `profiles` (`user_id`, `photo_id`, `is_private`, `website`, `about_user`, `status_id`, `created_at`, `updated_at`) VALUES (78, 12, 0, '', 'Neque earum odit impedit consequuntur necessitatibus molestias est neque. Iusto consequatur non dolor ut. Dicta sunt non deserunt enim.', 1, '2016-05-01 22:45:40', '1981-04-03 04:11:54');
INSERT INTO `profiles` (`user_id`, `photo_id`, `is_private`, `website`, `about_user`, `status_id`, `created_at`, `updated_at`) VALUES (79, 0, 0, '', 'Et ad incidunt aut autem vero libero. Dolores quis omnis earum sit dolorum amet quas adipisci. Natus nesciunt dolores ut eum.', 7, '2017-04-24 13:11:04', '1999-03-17 09:37:31');
INSERT INTO `profiles` (`user_id`, `photo_id`, `is_private`, `website`, `about_user`, `status_id`, `created_at`, `updated_at`) VALUES (80, 0, 1, 'http://leuschke.com/', 'Voluptatibus est odit nesciunt dicta. Molestias autem voluptas sint atque quos assumenda. Voluptas rerum iste ullam sit molestiae.', 7, '1992-07-29 19:20:58', '1996-12-20 22:27:53');
INSERT INTO `profiles` (`user_id`, `photo_id`, `is_private`, `website`, `about_user`, `status_id`, `created_at`, `updated_at`) VALUES (81, 0, 0, '', 'Ullam aut excepturi nostrum beatae doloremque asperiores nihil. Fugit excepturi sequi et voluptatem aut atque. Debitis qui repellendus fuga veniam.', 6, '2008-08-01 03:11:02', '1972-04-19 06:53:02');
INSERT INTO `profiles` (`user_id`, `photo_id`, `is_private`, `website`, `about_user`, `status_id`, `created_at`, `updated_at`) VALUES (82, 38, 1, '', 'Dicta eveniet natus alias et quaerat. Deserunt excepturi laudantium dolorem eaque hic magnam. Non assumenda qui illum. Aut iusto veniam rerum qui.', 7, '2018-11-20 08:41:27', '1972-05-12 05:12:22');
INSERT INTO `profiles` (`user_id`, `photo_id`, `is_private`, `website`, `about_user`, `status_id`, `created_at`, `updated_at`) VALUES (83, 0, 1, 'http://www.price.biz/', 'Ut sapiente laudantium quisquam iure aut dicta qui error. Nihil pariatur explicabo et et necessitatibus et.', 4, '1994-04-11 16:57:21', '1975-08-30 11:54:22');
INSERT INTO `profiles` (`user_id`, `photo_id`, `is_private`, `website`, `about_user`, `status_id`, `created_at`, `updated_at`) VALUES (84, 26, 1, '', 'Molestiae saepe vitae qui. Quis fugit ullam nostrum ut nostrum qui. Eius et sunt non labore suscipit.', 2, '2004-01-10 05:09:12', '2005-09-17 22:19:30');
INSERT INTO `profiles` (`user_id`, `photo_id`, `is_private`, `website`, `about_user`, `status_id`, `created_at`, `updated_at`) VALUES (85, 42, 1, 'http://www.nolan.info/', 'Omnis rerum eius dolore magnam provident. Ut aut ab saepe doloremque delectus velit. Ipsum impedit et nesciunt ut. Illo vitae quas rerum.', 7, '2009-11-07 08:58:15', '1988-01-10 06:59:34');
INSERT INTO `profiles` (`user_id`, `photo_id`, `is_private`, `website`, `about_user`, `status_id`, `created_at`, `updated_at`) VALUES (86, 0, 0, 'http://www.binslabadie.com/', 'Quod voluptatem error sit voluptatibus aut. Labore expedita eum ut ratione nisi tempore esse. Id maxime voluptate neque laboriosam eos sed itaque.', 3, '2012-06-19 15:23:46', '1982-08-14 16:56:41');
INSERT INTO `profiles` (`user_id`, `photo_id`, `is_private`, `website`, `about_user`, `status_id`, `created_at`, `updated_at`) VALUES (87, 9, 0, '', 'Occaecati eveniet cumque qui eum ea molestiae repellat. Ullam officiis necessitatibus occaecati eius.', 4, '1979-01-25 13:34:07', '2017-07-12 09:54:33');
INSERT INTO `profiles` (`user_id`, `photo_id`, `is_private`, `website`, `about_user`, `status_id`, `created_at`, `updated_at`) VALUES (88, 92, 0, 'http://lowe.info/', 'Velit tempora beatae id rerum. Sed consequatur itaque quia sit sit qui ut aut.', 2, '2007-02-15 23:07:08', '2002-01-05 22:12:24');
INSERT INTO `profiles` (`user_id`, `photo_id`, `is_private`, `website`, `about_user`, `status_id`, `created_at`, `updated_at`) VALUES (89, 0, 0, 'http://www.waelchi.com/', 'Tempora vel qui aut amet ex ea. Doloribus tempore sed nesciunt. Maiores nihil quos omnis ut. Et in eos totam itaque. Iure nemo et dolor.', 6, '1978-02-18 20:08:47', '1971-05-08 16:32:22');
INSERT INTO `profiles` (`user_id`, `photo_id`, `is_private`, `website`, `about_user`, `status_id`, `created_at`, `updated_at`) VALUES (90, 18, 0, '', 'Quasi corrupti ipsam est beatae. Dolorum et qui qui. Tenetur nam voluptates facere et vitae voluptas ratione.', 2, '1978-12-27 11:50:25', '1974-07-07 20:29:17');
INSERT INTO `profiles` (`user_id`, `photo_id`, `is_private`, `website`, `about_user`, `status_id`, `created_at`, `updated_at`) VALUES (91, 0, 1, '', 'Quis ut magnam animi rerum rem quia accusantium ea. Consequatur fugit ut earum eveniet a. At delectus incidunt iure.', 3, '1988-02-26 18:23:03', '1973-07-13 00:33:24');
INSERT INTO `profiles` (`user_id`, `photo_id`, `is_private`, `website`, `about_user`, `status_id`, `created_at`, `updated_at`) VALUES (92, 17, 1, '', 'Et reprehenderit est voluptates delectus tempora. Et excepturi doloribus molestias molestiae. Ut est ut beatae sunt.', 2, '1970-11-28 22:00:21', '2015-12-08 04:35:05');
INSERT INTO `profiles` (`user_id`, `photo_id`, `is_private`, `website`, `about_user`, `status_id`, `created_at`, `updated_at`) VALUES (93, 69, 1, '', 'Omnis quae occaecati ea libero vel quis. Qui sunt delectus voluptatem pariatur.', 7, '1981-06-05 14:50:07', '1975-07-29 17:06:51');
INSERT INTO `profiles` (`user_id`, `photo_id`, `is_private`, `website`, `about_user`, `status_id`, `created_at`, `updated_at`) VALUES (94, 30, 1, 'http://www.towne.org/', 'Ut asperiores ut et. Sunt rem repellat dolorem provident. Deserunt consectetur quia rerum. Id rerum sed voluptas sit.', 1, '1996-10-11 22:52:56', '1971-02-22 05:56:42');
INSERT INTO `profiles` (`user_id`, `photo_id`, `is_private`, `website`, `about_user`, `status_id`, `created_at`, `updated_at`) VALUES (95, 35, 1, 'http://ferry.com/', 'Voluptatem ducimus voluptas deleniti cum. Ea vero modi et quibusdam debitis ab quis odit. Molestias qui voluptatum et eligendi omnis hic quasi.', 4, '2004-11-12 22:16:39', '1983-03-05 18:37:45');
INSERT INTO `profiles` (`user_id`, `photo_id`, `is_private`, `website`, `about_user`, `status_id`, `created_at`, `updated_at`) VALUES (96, 0, 1, '', 'Quia facere aut sit est sapiente magni eos rerum. Quibusdam fugit iusto unde sint eius praesentium. Temporibus perferendis culpa alias voluptatem.', 5, '1973-03-01 05:56:23', '1995-07-12 04:42:39');
INSERT INTO `profiles` (`user_id`, `photo_id`, `is_private`, `website`, `about_user`, `status_id`, `created_at`, `updated_at`) VALUES (97, 49, 0, 'http://wolff.com/', 'Fugit minima eos est dolor. Nulla soluta illo esse neque. Hic alias ipsa et dolorem vel et reiciendis.', 7, '1999-10-09 11:50:18', '2002-09-03 09:55:02');
INSERT INTO `profiles` (`user_id`, `photo_id`, `is_private`, `website`, `about_user`, `status_id`, `created_at`, `updated_at`) VALUES (98, 0, 1, 'http://haley.com/', 'Eligendi inventore doloremque omnis repudiandae. Ipsam in quia quas non sit nesciunt omnis. Quibusdam consequatur et laudantium ut.', 1, '2011-05-29 12:20:46', '2010-08-23 14:54:10');
INSERT INTO `profiles` (`user_id`, `photo_id`, `is_private`, `website`, `about_user`, `status_id`, `created_at`, `updated_at`) VALUES (99, 0, 0, '', 'Non numquam vero nisi id alias omnis quis. Rem dolor officia praesentium amet et.', 7, '2020-02-26 00:25:18', '1995-01-14 21:37:03');
INSERT INTO `profiles` (`user_id`, `photo_id`, `is_private`, `website`, `about_user`, `status_id`, `created_at`, `updated_at`) VALUES (100, 36, 0, 'http://www.conn.com/', 'Est sint vel consequuntur adipisci omnis voluptas eaque. Blanditiis nam ipsam fugit autem porro. Pariatur eum error aliquam corporis.', 1, '1999-08-09 17:47:07', '2014-01-26 08:19:56');


INSERT INTO `users` (`id`, `name`, `nickname`, `email`, `phone`, `created_at`, `updated_at`) VALUES ('1', 'Mr. Baron Koelpin', 'Ettie', 'ayana.kirlin@example.com', '1-879-414-7734', '1983-11-30 07:44:21', '1970-03-08 02:40:23');
INSERT INTO `users` (`id`, `name`, `nickname`, `email`, `phone`, `created_at`, `updated_at`) VALUES ('2', '', 'Jennifer', 'elizabeth34@example.org', '05227258527', '2010-12-21 08:02:55', '2001-11-16 17:59:08');
INSERT INTO `users` (`id`, `name`, `nickname`, `email`, `phone`, `created_at`, `updated_at`) VALUES ('3', 'Carley Effertz', 'Mckenna', 'gusikowski.jevon@example.net', '044-652-6574x88744', '1993-02-10 23:58:30', '2010-07-16 12:27:34');
INSERT INTO `users` (`id`, `name`, `nickname`, `email`, `phone`, `created_at`, `updated_at`) VALUES ('4', 'Osbaldo Mraz', 'Lorine', 'hauck.laurie@example.com', '764-930-8402x7399', '2019-04-29 19:38:03', '2014-02-28 20:28:49');
INSERT INTO `users` (`id`, `name`, `nickname`, `email`, `phone`, `created_at`, `updated_at`) VALUES ('5', '', 'Vidal', 'lyric57@example.net', '(610)419-8569', '2013-11-10 13:14:31', '1982-08-12 23:01:07');
INSERT INTO `users` (`id`, `name`, `nickname`, `email`, `phone`, `created_at`, `updated_at`) VALUES ('6', '', 'Ryleigh', 'dare.matt@example.net', '877.708.5711', '2010-06-05 16:59:34', '2019-06-21 17:52:38');
INSERT INTO `users` (`id`, `name`, `nickname`, `email`, `phone`, `created_at`, `updated_at`) VALUES ('7', '', 'Oren', 'moen.rosie@example.net', '(130)727-4656x7918', '1985-01-22 21:15:19', '1993-01-25 12:38:58');
INSERT INTO `users` (`id`, `name`, `nickname`, `email`, `phone`, `created_at`, `updated_at`) VALUES ('8', 'Dr. Geovanni Bechtelar', 'Dylan', 'imiller@example.net', '550.330.4503x649', '1990-07-30 11:55:21', '1970-09-09 21:39:00');
INSERT INTO `users` (`id`, `name`, `nickname`, `email`, `phone`, `created_at`, `updated_at`) VALUES ('9', 'Zechariah Bergnaum', 'Delia', 'laverne.quigley@example.org', '1-801-319-9869x2940', '2007-01-17 08:34:57', '2016-10-04 05:10:21');
INSERT INTO `users` (`id`, `name`, `nickname`, `email`, `phone`, `created_at`, `updated_at`) VALUES ('10', '', 'Charlotte', 'rowe.claudia@example.org', '1-811-462-5536', '1974-08-29 02:02:06', '2006-11-30 23:08:55');
INSERT INTO `users` (`id`, `name`, `nickname`, `email`, `phone`, `created_at`, `updated_at`) VALUES ('11', '', 'Jamel', 'wlockman@example.org', '691-358-6934x9454', '1985-12-31 21:42:19', '1996-06-07 12:19:53');
INSERT INTO `users` (`id`, `name`, `nickname`, `email`, `phone`, `created_at`, `updated_at`) VALUES ('12', 'Dr. Rita Doyle II', 'Abagail', 'ullrich.tamara@example.com', '(387)806-7247x255', '1983-01-04 17:20:10', '2007-01-24 00:22:53');
INSERT INTO `users` (`id`, `name`, `nickname`, `email`, `phone`, `created_at`, `updated_at`) VALUES ('13', 'Issac Ortiz', 'Stacy', 'williamson.haven@example.net', '286.923.2521', '2015-12-13 14:57:31', '1975-12-18 18:18:27');
INSERT INTO `users` (`id`, `name`, `nickname`, `email`, `phone`, `created_at`, `updated_at`) VALUES ('14', '', 'Wilma', 'io\'kon@example.org', '(329)414-6098x7050', '1970-01-06 08:06:16', '2020-01-29 06:48:34');
INSERT INTO `users` (`id`, `name`, `nickname`, `email`, `phone`, `created_at`, `updated_at`) VALUES ('15', 'Alize Cronin Jr.', 'Jammie', 'ryley.kerluke@example.com', '806.950.2877x4599', '2019-03-05 04:04:48', '2006-06-29 19:32:41');
INSERT INTO `users` (`id`, `name`, `nickname`, `email`, `phone`, `created_at`, `updated_at`) VALUES ('16', 'Prof. Flavio Crist II', 'Walter', 'icie84@example.org', '1-072-538-7859x46164', '2012-09-07 18:12:30', '2008-09-28 03:35:31');
INSERT INTO `users` (`id`, `name`, `nickname`, `email`, `phone`, `created_at`, `updated_at`) VALUES ('17', '', 'Lazaro', 'mcglynn.elinor@example.org', '456.746.5953x87880', '2011-10-04 21:14:58', '2010-10-06 18:27:45');
INSERT INTO `users` (`id`, `name`, `nickname`, `email`, `phone`, `created_at`, `updated_at`) VALUES ('18', '', 'Terence', 'yolson@example.com', '1-136-353-3433x21037', '1971-11-25 04:55:30', '2014-12-02 23:43:20');
INSERT INTO `users` (`id`, `name`, `nickname`, `email`, `phone`, `created_at`, `updated_at`) VALUES ('19', 'Damien Oberbrunner', 'Elwyn', 'kenyatta15@example.org', '206-291-9456', '1982-05-02 19:54:20', '1982-05-03 15:01:57');
INSERT INTO `users` (`id`, `name`, `nickname`, `email`, `phone`, `created_at`, `updated_at`) VALUES ('20', 'Prof. Anabel Heller', 'Sterling', 'augustine93@example.org', '956.077.1306x766', '1996-07-18 09:36:36', '1972-02-22 13:33:37');
INSERT INTO `users` (`id`, `name`, `nickname`, `email`, `phone`, `created_at`, `updated_at`) VALUES ('21', '', 'Lon', 'cicero26@example.net', '172.437.7268x5981', '2003-03-27 00:03:54', '1975-05-15 06:27:30');
INSERT INTO `users` (`id`, `name`, `nickname`, `email`, `phone`, `created_at`, `updated_at`) VALUES ('22', '', 'Torrance', 'pgottlieb@example.com', '(057)474-6989x40775', '2012-06-25 13:28:50', '2012-03-24 05:22:03');
INSERT INTO `users` (`id`, `name`, `nickname`, `email`, `phone`, `created_at`, `updated_at`) VALUES ('23', '', 'Niko', 'kaden.jacobs@example.org', '368-785-4123', '2005-12-03 22:38:02', '1982-11-26 17:59:39');
INSERT INTO `users` (`id`, `name`, `nickname`, `email`, `phone`, `created_at`, `updated_at`) VALUES ('24', '', 'Milton', 'evolkman@example.net', '(365)293-6619x815', '2005-07-24 02:00:32', '1998-06-22 00:19:28');
INSERT INTO `users` (`id`, `name`, `nickname`, `email`, `phone`, `created_at`, `updated_at`) VALUES ('25', 'Ward Smitham', 'Nannie', 'emmerich.michel@example.org', '05539928888', '2001-07-31 00:05:13', '1973-10-09 04:29:38');
INSERT INTO `users` (`id`, `name`, `nickname`, `email`, `phone`, `created_at`, `updated_at`) VALUES ('26', 'Percival Kiehn', 'Jovanny', 'bo86@example.org', '01357338412', '1993-02-09 03:27:57', '1970-11-11 22:27:04');
INSERT INTO `users` (`id`, `name`, `nickname`, `email`, `phone`, `created_at`, `updated_at`) VALUES ('27', '', 'Myrna', 'ajacobs@example.net', '059.270.6808x11488', '1981-04-29 11:35:41', '2020-04-16 11:11:54');
INSERT INTO `users` (`id`, `name`, `nickname`, `email`, `phone`, `created_at`, `updated_at`) VALUES ('28', '', 'Cecile', 'hailey.king@example.org', '442-551-8861', '2006-07-12 19:44:06', '1991-08-27 13:39:06');
INSERT INTO `users` (`id`, `name`, `nickname`, `email`, `phone`, `created_at`, `updated_at`) VALUES ('29', 'Dr. Garrison Jacobson', 'Emmalee', 'plemke@example.net', '075-377-4888', '1972-02-12 12:19:23', '1998-01-08 20:58:34');
INSERT INTO `users` (`id`, `name`, `nickname`, `email`, `phone`, `created_at`, `updated_at`) VALUES ('30', '', 'Simeon', 'grant.larry@example.net', '248-279-8530x142', '1980-07-08 12:10:36', '2010-09-12 09:26:09');
INSERT INTO `users` (`id`, `name`, `nickname`, `email`, `phone`, `created_at`, `updated_at`) VALUES ('31', '', 'Zella', 'kdare@example.net', '694-252-2493', '2011-12-26 17:19:18', '2015-06-06 13:33:44');
INSERT INTO `users` (`id`, `name`, `nickname`, `email`, `phone`, `created_at`, `updated_at`) VALUES ('32', '', 'Berenice', 'emertz@example.org', '618.914.4329', '2014-08-10 21:07:40', '1973-12-30 02:58:09');
INSERT INTO `users` (`id`, `name`, `nickname`, `email`, `phone`, `created_at`, `updated_at`) VALUES ('33', 'Miss Iva Kuhic Sr.', 'Hilario', 'gladyce.tromp@example.org', '1-017-674-3017', '1975-12-20 02:44:35', '1999-08-02 15:50:16');
INSERT INTO `users` (`id`, `name`, `nickname`, `email`, `phone`, `created_at`, `updated_at`) VALUES ('34', '', 'Alexandra', 'bstoltenberg@example.net', '+23(0)1709015192', '1979-06-27 13:45:12', '1978-12-31 11:38:25');
INSERT INTO `users` (`id`, `name`, `nickname`, `email`, `phone`, `created_at`, `updated_at`) VALUES ('35', '', 'Jackie', 'emmerich.destiney@example.org', '+14(0)7944002188', '1990-07-17 10:13:34', '1980-04-16 02:16:44');
INSERT INTO `users` (`id`, `name`, `nickname`, `email`, `phone`, `created_at`, `updated_at`) VALUES ('36', 'Bernadette Cole', 'Marlene', 'treichel@example.net', '1-867-375-3199x41864', '1995-06-14 22:48:59', '1975-04-04 10:11:58');
INSERT INTO `users` (`id`, `name`, `nickname`, `email`, `phone`, `created_at`, `updated_at`) VALUES ('37', 'Ettie Schoen', 'Adella', 'zernser@example.net', '1-092-394-6140x807', '1979-01-04 14:06:33', '2010-02-07 07:44:22');
INSERT INTO `users` (`id`, `name`, `nickname`, `email`, `phone`, `created_at`, `updated_at`) VALUES ('38', 'Dr. Patience Hudson DDS', 'Lois', 'elias.padberg@example.com', '351.567.7433x6142', '2007-03-16 02:56:31', '1977-06-09 14:52:25');
INSERT INTO `users` (`id`, `name`, `nickname`, `email`, `phone`, `created_at`, `updated_at`) VALUES ('39', '', 'Eulalia', 'sheridan79@example.com', '687-755-1423x9974', '1977-05-28 08:15:07', '2001-01-05 12:28:19');
INSERT INTO `users` (`id`, `name`, `nickname`, `email`, `phone`, `created_at`, `updated_at`) VALUES ('40', 'Tate Balistreri I', 'Riley', 'ekohler@example.net', '+77(0)2435546428', '1987-12-13 07:52:46', '1989-03-11 08:34:01');
INSERT INTO `users` (`id`, `name`, `nickname`, `email`, `phone`, `created_at`, `updated_at`) VALUES ('41', 'Lisandro Lemke', 'Erika', 'jacinthe64@example.net', '329-985-3967', '1990-12-01 20:47:34', '1976-10-26 14:11:27');
INSERT INTO `users` (`id`, `name`, `nickname`, `email`, `phone`, `created_at`, `updated_at`) VALUES ('42', '', 'Dangelo', 'nikko.schiller@example.net', '1-539-774-4964', '2012-12-02 15:26:33', '1990-08-17 06:28:26');
INSERT INTO `users` (`id`, `name`, `nickname`, `email`, `phone`, `created_at`, `updated_at`) VALUES ('43', 'Leopoldo Harvey', 'Antonina', 'vbergstrom@example.com', '(337)609-0760x005', '2016-02-18 21:43:01', '1983-08-30 10:54:55');
INSERT INTO `users` (`id`, `name`, `nickname`, `email`, `phone`, `created_at`, `updated_at`) VALUES ('44', 'Dr. Antonette Connelly II', 'Dayana', 'marco.rogahn@example.org', '(613)565-8504', '2000-09-22 10:34:18', '1978-07-06 10:33:52');
INSERT INTO `users` (`id`, `name`, `nickname`, `email`, `phone`, `created_at`, `updated_at`) VALUES ('45', '', 'Casandra', 'xbergstrom@example.net', '1-997-807-5785x35108', '1982-02-20 20:27:58', '2017-03-11 14:22:43');
INSERT INTO `users` (`id`, `name`, `nickname`, `email`, `phone`, `created_at`, `updated_at`) VALUES ('46', '', 'Wellington', 'bernita.lueilwitz@example.net', '(097)710-7443', '2001-09-01 22:21:55', '2001-03-07 03:06:28');
INSERT INTO `users` (`id`, `name`, `nickname`, `email`, `phone`, `created_at`, `updated_at`) VALUES ('47', 'Richmond McCullough', 'Georgette', 'bailee71@example.net', '(143)218-4740x8822', '1974-09-21 18:39:01', '2019-06-29 09:25:35');
INSERT INTO `users` (`id`, `name`, `nickname`, `email`, `phone`, `created_at`, `updated_at`) VALUES ('48', '', 'Kristofer', 'tmorissette@example.com', '00457478797', '1998-08-07 09:27:43', '2016-06-07 09:34:11');
INSERT INTO `users` (`id`, `name`, `nickname`, `email`, `phone`, `created_at`, `updated_at`) VALUES ('49', 'Dr. Weldon Mohr', 'Dexter', 'brad56@example.com', '467-586-1714x34571', '2003-12-11 10:58:52', '1989-12-19 11:03:42');
INSERT INTO `users` (`id`, `name`, `nickname`, `email`, `phone`, `created_at`, `updated_at`) VALUES ('50', 'Prof. Ariel Hickle', 'Vivianne', 'liliane.toy@example.org', '1-579-032-8234x433', '1998-12-11 23:11:18', '1974-08-02 03:01:55');
INSERT INTO `users` (`id`, `name`, `nickname`, `email`, `phone`, `created_at`, `updated_at`) VALUES ('51', '', 'Stan', 'hal16@example.org', '1-071-508-3656x569', '2020-02-28 07:12:48', '1974-01-04 17:52:22');
INSERT INTO `users` (`id`, `name`, `nickname`, `email`, `phone`, `created_at`, `updated_at`) VALUES ('52', 'Dr. Chet Corwin III', 'Leatha', 'yswaniawski@example.net', '912.073.6633x821', '1988-09-19 03:15:25', '1973-07-14 14:56:05');
INSERT INTO `users` (`id`, `name`, `nickname`, `email`, `phone`, `created_at`, `updated_at`) VALUES ('53', 'Alexys Haag', 'Cade', 'hshanahan@example.net', '268.443.0173x1362', '2009-10-23 02:50:52', '1995-09-17 12:33:17');
INSERT INTO `users` (`id`, `name`, `nickname`, `email`, `phone`, `created_at`, `updated_at`) VALUES ('54', '', 'Bertha', 'chesley39@example.org', '(570)286-8045', '1998-02-11 22:02:39', '2004-01-25 04:36:35');
INSERT INTO `users` (`id`, `name`, `nickname`, `email`, `phone`, `created_at`, `updated_at`) VALUES ('55', 'Kathryn Hegmann', 'Willy', 'antwan89@example.net', '1-293-964-6963', '2012-12-24 17:04:53', '1999-12-05 00:41:35');
INSERT INTO `users` (`id`, `name`, `nickname`, `email`, `phone`, `created_at`, `updated_at`) VALUES ('56', '', 'Destiney', 'strosin.christ@example.org', '1-420-011-7073x34847', '1981-06-14 22:08:40', '2013-07-27 02:34:00');
INSERT INTO `users` (`id`, `name`, `nickname`, `email`, `phone`, `created_at`, `updated_at`) VALUES ('57', '', 'Cassandra', 'powlowski.roberta@example.net', '370-224-4497x4868', '1977-07-28 14:19:58', '1990-11-08 10:43:05');
INSERT INTO `users` (`id`, `name`, `nickname`, `email`, `phone`, `created_at`, `updated_at`) VALUES ('58', '', 'Myrtice', 'ideckow@example.com', '1-087-300-8669', '1979-03-24 06:59:25', '1984-08-21 00:35:25');
INSERT INTO `users` (`id`, `name`, `nickname`, `email`, `phone`, `created_at`, `updated_at`) VALUES ('59', 'Otis Labadie', 'Lloyd', 'fritsch.savanna@example.net', '781-638-5886x952', '1981-07-29 13:19:39', '1970-09-20 13:39:29');
INSERT INTO `users` (`id`, `name`, `nickname`, `email`, `phone`, `created_at`, `updated_at`) VALUES ('60', 'Mrs. Agustina Dietrich', 'Herminio', 'cierra56@example.com', '863.606.0770', '1976-11-16 20:34:27', '1988-01-28 10:39:51');
INSERT INTO `users` (`id`, `name`, `nickname`, `email`, `phone`, `created_at`, `updated_at`) VALUES ('61', 'Mae Kovacek', 'Warren', 'reynolds.horace@example.com', '765-737-4363x852', '2001-07-04 05:01:23', '1999-04-23 10:03:01');
INSERT INTO `users` (`id`, `name`, `nickname`, `email`, `phone`, `created_at`, `updated_at`) VALUES ('62', 'Dr. Jevon Schoen', 'Piper', 'sabrina.jakubowski@example.net', '005-145-0554', '1980-11-19 07:03:10', '1972-03-17 06:05:34');
INSERT INTO `users` (`id`, `name`, `nickname`, `email`, `phone`, `created_at`, `updated_at`) VALUES ('63', '', 'Stephany', 'jarrod.turcotte@example.net', '919.577.0167', '1971-05-31 08:55:12', '2013-01-27 06:06:15');
INSERT INTO `users` (`id`, `name`, `nickname`, `email`, `phone`, `created_at`, `updated_at`) VALUES ('64', '', 'Quincy', 'schuppe.cristian@example.net', '972.864.6867', '1974-08-18 01:35:27', '1981-07-18 00:40:19');
INSERT INTO `users` (`id`, `name`, `nickname`, `email`, `phone`, `created_at`, `updated_at`) VALUES ('65', '', 'Kaden', 'hwehner@example.com', '459-976-0158x5013', '1978-12-27 00:14:51', '1987-04-16 07:41:19');
INSERT INTO `users` (`id`, `name`, `nickname`, `email`, `phone`, `created_at`, `updated_at`) VALUES ('66', 'Clint Monahan', 'Tressie', 'rerdman@example.org', '+49(7)6995030030', '2007-09-17 09:37:14', '1985-11-29 04:26:37');
INSERT INTO `users` (`id`, `name`, `nickname`, `email`, `phone`, `created_at`, `updated_at`) VALUES ('67', '', 'Yoshiko', 'marks.micah@example.org', '(706)672-9032x586', '1984-01-31 15:15:58', '2006-04-19 14:55:14');
INSERT INTO `users` (`id`, `name`, `nickname`, `email`, `phone`, `created_at`, `updated_at`) VALUES ('68', 'Mrs. Lue Kerluke DDS', 'Vida', 'watsica.mckenna@example.net', '196.422.2749x8232', '1985-07-04 18:52:56', '1982-06-14 08:20:18');
INSERT INTO `users` (`id`, `name`, `nickname`, `email`, `phone`, `created_at`, `updated_at`) VALUES ('69', 'Janick Maggio', 'Kelvin', 'west.edgar@example.com', '747.073.4861', '1994-02-14 16:41:52', '1990-07-15 15:43:38');
INSERT INTO `users` (`id`, `name`, `nickname`, `email`, `phone`, `created_at`, `updated_at`) VALUES ('70', 'Cordell Herzog III', 'Vivian', 'felipe11@example.org', '1-393-320-7129x36403', '2017-09-26 06:17:38', '2012-09-08 08:30:16');
INSERT INTO `users` (`id`, `name`, `nickname`, `email`, `phone`, `created_at`, `updated_at`) VALUES ('71', 'Angelo Hagenes III', 'Margarita', 'pacocha.verla@example.org', '(250)651-2638', '1997-02-17 19:41:48', '2013-06-16 10:46:42');
INSERT INTO `users` (`id`, `name`, `nickname`, `email`, `phone`, `created_at`, `updated_at`) VALUES ('72', '', 'Aletha', 'hjacobson@example.net', '(815)799-6396', '1993-12-28 15:54:51', '1980-07-18 19:38:05');
INSERT INTO `users` (`id`, `name`, `nickname`, `email`, `phone`, `created_at`, `updated_at`) VALUES ('73', '', 'Hilbert', 'crona.eula@example.net', '365.889.3762x933', '2012-07-11 17:41:35', '1974-05-14 14:38:45');
INSERT INTO `users` (`id`, `name`, `nickname`, `email`, `phone`, `created_at`, `updated_at`) VALUES ('74', 'Dillan Gutmann III', 'Cecilia', 'jpouros@example.com', '020-411-9502x7021', '1980-03-02 04:22:40', '1995-01-30 10:18:57');
INSERT INTO `users` (`id`, `name`, `nickname`, `email`, `phone`, `created_at`, `updated_at`) VALUES ('75', '', 'Mose', 'elda03@example.org', '358.678.1097', '2001-02-12 22:01:33', '2012-05-20 12:35:59');
INSERT INTO `users` (`id`, `name`, `nickname`, `email`, `phone`, `created_at`, `updated_at`) VALUES ('76', '', 'Olga', 'zgreenfelder@example.org', '(907)754-5347x2387', '1977-07-06 23:04:26', '1975-04-15 20:42:59');
INSERT INTO `users` (`id`, `name`, `nickname`, `email`, `phone`, `created_at`, `updated_at`) VALUES ('77', 'Katrina Lehner DVM', 'Sheldon', 'predovic.madisyn@example.org', '043.102.0628', '2003-01-16 13:08:46', '1984-05-14 05:52:37');
INSERT INTO `users` (`id`, `name`, `nickname`, `email`, `phone`, `created_at`, `updated_at`) VALUES ('78', 'Dr. Stevie Greenholt PhD', 'Kole', 'zkemmer@example.com', '02221680688', '1989-11-09 15:31:29', '1988-01-25 06:40:48');
INSERT INTO `users` (`id`, `name`, `nickname`, `email`, `phone`, `created_at`, `updated_at`) VALUES ('79', '', 'Henri', 'vesta68@example.org', '873-276-0051x0995', '2011-08-12 18:42:53', '2017-05-23 14:53:51');
INSERT INTO `users` (`id`, `name`, `nickname`, `email`, `phone`, `created_at`, `updated_at`) VALUES ('80', '', 'Vicky', 'dubuque.lea@example.net', '575-903-7210', '2006-02-13 10:15:34', '2001-04-15 20:34:29');
INSERT INTO `users` (`id`, `name`, `nickname`, `email`, `phone`, `created_at`, `updated_at`) VALUES ('81', '', 'Vladimir', 'jedidiah.buckridge@example.com', '654.765.0899x119', '2002-04-12 16:32:35', '1972-07-31 17:57:41');
INSERT INTO `users` (`id`, `name`, `nickname`, `email`, `phone`, `created_at`, `updated_at`) VALUES ('82', '', 'Donny', 'eddie64@example.com', '(723)785-5086x149', '1991-11-27 23:17:10', '1977-09-14 20:37:20');
INSERT INTO `users` (`id`, `name`, `nickname`, `email`, `phone`, `created_at`, `updated_at`) VALUES ('83', 'Afton Zboncak', 'Bo', 'mireille.walker@example.com', '(005)968-8788x27730', '1978-12-26 02:35:24', '2005-08-10 14:38:26');
INSERT INTO `users` (`id`, `name`, `nickname`, `email`, `phone`, `created_at`, `updated_at`) VALUES ('84', '', 'Ferne', 'jermain18@example.com', '1-323-521-3349x0727', '1970-10-23 18:08:39', '2003-08-01 12:33:09');
INSERT INTO `users` (`id`, `name`, `nickname`, `email`, `phone`, `created_at`, `updated_at`) VALUES ('85', '', 'Blanca', 'qkoss@example.com', '+04(8)5677142774', '1983-05-13 03:38:43', '2001-08-05 10:26:16');
INSERT INTO `users` (`id`, `name`, `nickname`, `email`, `phone`, `created_at`, `updated_at`) VALUES ('86', 'Kale DuBuque III', 'Sven', 'idella.hauck@example.com', '850-243-7813x8609', '1972-10-15 23:00:31', '1973-04-25 10:30:31');
INSERT INTO `users` (`id`, `name`, `nickname`, `email`, `phone`, `created_at`, `updated_at`) VALUES ('87', 'Madie Feil', 'Savannah', 'xkutch@example.org', '389.757.7618', '2003-10-11 07:17:46', '1972-05-01 16:22:38');
INSERT INTO `users` (`id`, `name`, `nickname`, `email`, `phone`, `created_at`, `updated_at`) VALUES ('88', 'Kendall Barton', 'Samara', 'garland.walker@example.org', '+86(4)9414712985', '1986-10-01 06:11:06', '1980-09-14 09:39:33');
INSERT INTO `users` (`id`, `name`, `nickname`, `email`, `phone`, `created_at`, `updated_at`) VALUES ('89', '', 'Ansel', 'mraz.sydnie@example.com', '094-425-6623x463', '1987-10-14 05:44:23', '1970-06-13 20:59:07');
INSERT INTO `users` (`id`, `name`, `nickname`, `email`, `phone`, `created_at`, `updated_at`) VALUES ('90', '', 'Natalia', 'leonor.watsica@example.org', '489.494.0852', '2001-12-03 01:43:59', '2018-03-30 16:33:10');
INSERT INTO `users` (`id`, `name`, `nickname`, `email`, `phone`, `created_at`, `updated_at`) VALUES ('91', '', 'Cali', 'cwilkinson@example.com', '185-633-6093x8240', '1986-07-06 20:15:59', '1973-04-21 03:40:51');
INSERT INTO `users` (`id`, `name`, `nickname`, `email`, `phone`, `created_at`, `updated_at`) VALUES ('92', '', 'Oral', 'rmosciski@example.com', '+32(6)4334156429', '2006-05-20 17:54:29', '2001-10-26 18:29:44');
INSERT INTO `users` (`id`, `name`, `nickname`, `email`, `phone`, `created_at`, `updated_at`) VALUES ('93', 'Dr. Katherine Johnston', 'Rosario', 'carleton45@example.net', '08474229041', '1970-03-18 16:43:13', '1991-09-27 19:31:13');
INSERT INTO `users` (`id`, `name`, `nickname`, `email`, `phone`, `created_at`, `updated_at`) VALUES ('94', 'Tremaine Olson', 'Laisha', 'murphy.bernhard@example.com', '894-688-1611x125', '1977-08-24 05:52:34', '1998-08-07 08:03:47');
INSERT INTO `users` (`id`, `name`, `nickname`, `email`, `phone`, `created_at`, `updated_at`) VALUES ('95', 'Cordie Nicolas', 'Dallas', 'fiona11@example.org', '(495)314-7972', '1996-07-21 16:11:41', '1975-10-24 05:38:17');
INSERT INTO `users` (`id`, `name`, `nickname`, `email`, `phone`, `created_at`, `updated_at`) VALUES ('96', '', 'Quinten', 'goodwin.jocelyn@example.org', '1-332-579-1014x940', '1987-12-15 02:49:46', '1990-11-28 11:00:20');
INSERT INTO `users` (`id`, `name`, `nickname`, `email`, `phone`, `created_at`, `updated_at`) VALUES ('97', 'Ima Wiegand', 'Clotilde', 'peter.zieme@example.com', '1-256-889-6671', '2005-10-31 21:00:14', '1970-08-29 01:50:49');
INSERT INTO `users` (`id`, `name`, `nickname`, `email`, `phone`, `created_at`, `updated_at`) VALUES ('98', '', 'Kitty', 'rolando.armstrong@example.com', '01295742569', '2000-04-24 08:13:00', '1971-01-28 01:36:55');
INSERT INTO `users` (`id`, `name`, `nickname`, `email`, `phone`, `created_at`, `updated_at`) VALUES ('99', '', 'Kennedi', 'xabshire@example.net', '289.837.4005', '1971-04-14 13:55:54', '2004-09-04 10:52:08');
INSERT INTO `users` (`id`, `name`, `nickname`, `email`, `phone`, `created_at`, `updated_at`) VALUES ('100', 'Dr. Houston Weber II', 'Misty', 'ward.elmo@example.com', '1-476-834-5731', '1977-05-15 11:48:03', '2001-04-04 02:23:31');


